:020000040800F2
:1000000000000220C1010008FF010008CD95000892
:10001000070200080B0200080F02000800000000A1
:1000200000000000000000000000000013020008B3
:1000300017020008000000001B020008BD95000820
:1000400000000000000000000000000000000000B0
:1000500000000000000000000000000000000000A0
:100060000000000000000000000000000000000090
:100070000000000000000000000000000000000080
:100080000000000000000000000000000000000070
:100090000000000000000000000000000000000060
:1000A0000000000000000000000000000000000050
:1000B000159600080000000000000000000000008D
:1000C0000000000000000000000000000000000030
:1000D0000000000000000000000000000000000020
:1000E0000000000000000000000000000000000010
:1000F0000000000000000000000000000000000000
:1001000000000000000000000000000000000000EF
:100110000000000051AD00080000000000000000D9
:100120006DAB00080000000000000000B5AB000847
:1001300000000000000000000000000000000000BF
:1001400000000000000000000000000000000000AF
:10015000000000000000000000000000000000009F
:10016000000000000000000000000000000000008F
:10017000000000000000000000000000000000007F
:08018000000000000000000077
:1001C0001848016841F470010160BFF34F8FBFF31D
:1001D0006F8F15481549164A914204DA50F8043BCE
:1001E00041F8043BF8E7134813494FF000028842F6
:1001F00002DA40F8042BFAE709F018FAFEE7FFF7F5
:10020000FEBF09F0E3B9FFF7FEBFFFF7FEBFFFF740
:10021000FEBFFFF7FEBFFFF7FEBFFFF7FEBF09F00F
:10022000CDB9000088ED00E070CA00080000002091
:10023000B4090020B40900204C0C002000B510EED9
:10024000103A204A23F00043934283B019DDB3F102
:10025000FF4F04DB30EE400A03B05DF804FB684654
:1002600000F046FE00F00300012811D002281FD044
:10027000B8B10120DDED010A9DED000A01F03CFB63
:10028000EAE7DFED110A00F083FF03B05DF804FB3D
:10029000DDED010A9DED000A01F02EFBB1EE400AF2
:1002A000DAE7DDED010A9DED000A00F071FFD3E70A
:1002B000DDED010A9DED000A00F06AFFB1EE400A93
:1002C000CAE700BFD80F493F0000000010EE103A07
:1002D00023F0004300EE103A704700BF00B510EE67
:1002E000103A214A23F00043934283B01ADDB3F160
:1002F000FF4F04DB30EE400A03B05DF804FB6846B4
:1003000000F0F6FD00F00300012813D0022820D0F1
:10031000B8B1DDED010A9DED000A00F039FFB1EE44
:10032000400AE9E70020DFED110A01F0E5FA03B029
:100330005DF804FBDDED010A9DED000A00F028FFE9
:10034000DAE70120DDED010A9DED000A01F0D4FAA3
:10035000D2E70120DDED010A9DED000A01F0CCFAA3
:10036000B1EE400AC8E700BFD80F493F00000000C7
:1003700008B52DED028BB0EE408A00F0F5F8134B76
:1003800093F900300133F0EE408A0FD0B4EE488A82
:10039000F1EE10FA0AD6B0EE480AFFF797FFF7EE33
:1003A000007AB4EEE70AF1EE10FA04DCB0EE680A67
:1003B000BDEC028B08BD02F0F5F8BDEC028B2123E9
:1003C00003600348BDE8084001F0FABB00000020CC
:1003D000D8C7000800F0C4B908B52DED048BF0EEC5
:1003E000408AB0EE608A00F079FA474B93F900300A
:1003F0000133B0EE409A1FD0B4EE488AF1EE10FA05
:100400001AD6F4EE688AF1EE10FA59D6DFED3F9A6B
:10041000F4EE698AF1EE10FA13D1B4EE698AF1EEC6
:1004200010FA29D0B0EE480A01F07CFB20B1B4EEFE
:10043000E98AF1EE10FA4DD4B0EE490ABDEC048B16
:1004400008BD01F06FFBF0B1B5EE409AF1EE10FA85
:10045000F2D1B0EE680A01F065FB0028ECD0B0EEF6
:10046000480A01F05FFB0028E6D002F09BF8222347
:1004700003609FED269ADFE7B7EE009AB0EE490AD7
:10048000BDEC048B08BDB0EE680A01F04BFB002800
:10049000DAD0B0EE480A01F045FB0028D4D0B4EE23
:1004A000499AF1EE10FA28D602F07CF8F5EEC08AEF
:1004B0002223F1EE10FA036013D49FED159ABBE7E7
:1004C000B5EE408AF1EE10FAF7EE007A08BFB0EE12
:1004D000679AB1E702F066F8212303609FED0D9A59
:1004E000AAE7B0EE480A01F071FBB4EE480AF1EE5B
:1004F00010FAE2D09FED079A9EE702F053F821230D
:1005000089EEA99A036097E7000000200000000030
:100510000000807F000080FF08B52DED028BB0EE5B
:10052000408A00F031FE0E4B93F9003001330BD0BE
:10053000B4EE488AF1EE10FA06D6DFED0A8AB4EE80
:10054000E88AF1EE10FA02D4BDEC028B08BD02F08D
:1005500029F888EEA80ABDEC028B2123036008BDB0
:10056000000000200000000038B510EE105A25F001
:100570000044B4F17E5F2DED048B00F0828079DCC5
:10058000B4F17C5F0EDAB4F1485F80F29680DFED63
:10059000647A70EE277AB7EE007AF4EEC77AF1EE5D
:1005A00010FA64DCFFF792FEF7EE007A37EEC00A2D
:1005B000B6EE008A20EE088A9FED5A3A9FED5A4A1D
:1005C000DFED5A3ADFED5A4A9FED5A5ADFED5A5A9B
:1005D0009FED5A6A9FED5A7ADFED5A6ADFED5A8A2B
:1005E000A8EE034AE8EE234AA4EE085AE4EE885A3D
:1005F000A5EE086AA5EE887AE6EE086AE7EE087AC4
:10060000E6EE888AB0EE480AB0EE679A00F0BCFDCC
:100610004E4B9C4268EE888A40DC10EE103A23F480
:100620007F6323F00F0307EE903AB1EE676AA6EE00
:10063000278A70EE277AC8EE895A88EE275A9FEDEE
:10064000447ADFED447AF0EE006AA5EE667A30EE89
:10065000000AB0EE675AA6EE265A90EE257A37EEDB
:10066000450A37EEC00A002DD8BFB1EE400ABDECF6
:10067000048B38BDBDEC048B70EE407A87EEA70A80
:1006800038BDDFED337A9FED347A60EE277ABDEC2A
:10069000048BE0EE077AB0EE670A38BDC8EE896ACF
:1006A0009FED2E7ADFED2C7AA0EE260AF0EE006A9E
:1006B000A0EE267A37EEC70AD5E760EE007ADFEDC6
:1006C000192ADFED193ADFED1B4A9FED183A9FED2D
:1006D000184ADFED1A6A9FED185ADFED1A5A9FED9E
:1006E000186A9FED197AE7EEA23ABDEC048BE3EEAF
:1006F000A74AA7EE834AE4EEA76AA4EE275AE6EEDD
:10070000A75AA5EE276AA5EEA77AF7EE006AE6EEED
:10071000276A67EE277A87EEA67AA0EE070A38BD29
:10072000CAF2497108EF1138047F4F3A2EC69D3D39
:10073000613330BF461124BD2D570140A80A4E3EFB
:1007400039D119C090B0A6BEABAA2A3E9999793F7B
:100750002EBD3BB3DB0F493FDB0FC93F2EBD3B3303
:1007600010B582B0CDED010A019B23F00042B2F139
:10077000FF4FF0EE407A19DC10EE100A20F0004135
:10078000B1F1FF4F12DCB3F17E5F51D09C1704F042
:10079000020444EAD07479B9022C36D09FED440AA1
:1007A000032C18BFB0EE670A02B010BD9DED017AB0
:1007B00037EE270A02B010BDF2B1B2F1FF4F27D0D9
:1007C000B1F1FF4F52D08A1AD2153C2A35DC002BEA
:1007D00043DA3C3241DA9FED370A012C58D0022C23
:1007E0004DD0002CE6D0DFED347A9FED347A70EEF8
:1007F000277A37EEC70ADDE79FED310ADFED317A60
:100800000028B8BFB0EE670AD4E79FED2C0AD1E705
:10081000B1F1FF4F14D0022CF7D0032C3FD0DFED05
:100820002A7A9FED240A012C08BFB0EE670AC1E7BF
:1008300002B0BDE8104001F0A7B89FED210ACCE757
:10084000022C32D0032C2DD0DFED207A9FED200A30
:10085000012C08BFB0EE670AACE79DED010A87EEF8
:10086000800AFFF733FD01F08FF8B6E7DFED147A69
:100870009FED140A0028A8BFB0EE670A9AE7DFEDE3
:100880000E7A9FED0E7A70EE277A37EE670A91E7BF
:1008900010EE103A03F1004300EE103A8AE79FEDA4
:1008A000040A87E79FED0B0A84E79FED0B0A81E7B7
:1008B000DB0F49C0000000002EBDBB33DB0F4940F9
:1008C000DB0FC93FDB0FC9BF00000080DB0F49BF52
:1008D000DB0F493FE4CB16C0E4CB16402DE9F047CF
:1008E0002DED028B82B0CDED000A009C8DED010A4A
:1008F00034F0004714D0DDF8048028F00046B6F14B
:10090000FF4F07DDBD4802B0BDEC028BBDE8F047EC
:1009100001F056B9B7F1FF4F09DDB6F17E5FF1D1B5
:10092000B7EE000A02B0BDEC028BBDE8F087B8F16B
:10093000000FC0F2F9804FF00009B7F1FF4F00F04F
:100940000681B7F17E5F00F02C81B4F1804F00F09A
:100950004181019DDDF800A0B4F17C5F00EE105AEA
:1009600040F00281B8F1000F80F23981FFF7AEFC50
:10097000B6F1FF4F00F00A81002E00F00381B6F1BE
:100980007E5F00F0F9804FEAD873013B59EA030219
:1009900000F02C81B7F19A4F40F35281984A964269
:1009A00040F36382974A964200F30081F7EE007AA3
:1009B00030EE670ADFED946ADFED947A9FED945A8A
:1009C0009FED946AF1EE405AB5EE007AE5EE876A43
:1009D000B6EE007AA6EEC07A60EE006A27EE267ABE
:1009E00067EEC77AE0EE057AF0EE676AE0EE066A37
:1009F00016EE902A22F47F6222F00F0207EE102AF0
:100A0000A5EE867A06EE902A77EEC77A24F47F6404
:100A100024F00F0407EE10AA06EE104A67EE877A5C
:100A200037EE466A07EE104AE6EE267A09F1FF39FC
:100A300059EA030326EE877AB7EE000A77EE876A53
:100A4000BFEE006A16EE902A0CBFB0EE468AB0EEFA
:100A5000408A002A22F0004340F3BD81B3F1864F63
:100A600000F3FC8100F0EF81B3F17C5F00F3BF8104
:100A70000021084622F47F6323F00F0306EE103AAC
:100A8000DFED656ADFED655A9FED653ADFED653AAA
:100A90009FED652A9FED654ADFED654A9FED655A3A
:100AA00036EE477AF0EE002A77EEC77A26EE267AFF
:100AB000A7EEA57AF7EE005AF0EE477AA6EE037A93
:100AC00067EE076AF0EE471AE6EE431AB0EE636A85
:100AD000A6EE826A77EEE17AA6EE264AE7EE277A5C
:100AE000E4EE264AA4EEA65AB0EE456AB0EE475AA6
:100AF000A6EE665AF0EE456A36EEE26A27EE055A31
:100B0000C5EE066A76EEE77A37EEC77A35EEC70AA3
:100B100010EE103A0B44B3F5000FC0F2BE8100EEA8
:100B2000103A20EE080AFDE6B7F1974F19DAB7F14F
:100B30007E5F09DBFB15C3F1960347FA03F202FA65
:100B400003F3BB4200F042814FF00009F9E6B6F131
:100B50007E5F3FF4E5AE2FDD002C2ADB9DED000A21
:100B6000E0E64FF00209E8E6FFF7B0FBB6F1FF4F11
:100B700002D0002E7FF403AF002CBCBFF7EE007A4A
:100B800087EE800AB8F1000FBFF6CCAEA6F17E5614
:100B900056EA090340F0138170EE407A87EEA70A07
:100BA000C0E6002C0FDB9DED010ABBE6002C00F334
:100BB0005F819FED210AB5E6002CFADADDED007ABF
:100BC000B1EE670AAEE69DED017AF7EE007A87EEA8
:100BD000870AA7E6DDED017A27EEA70AA2E602B0B2
:100BE000BDEC028BBDE8F04700F0CEBA07EE905A9C
:100BF00077EEE77A87EEA70A94E600BFD8C7000829
:100C0000F7FF7F3F0700803FABAAAA3E3BAAB83F51
:100C100070A5EC3600AAB83F8CBEBF351872313FC4
:100C20000072313F0EEADDB54CBB313355B38A3823
:100C3000610B36BBABAA2A3E000000000000804BCF
:100C400018F0FF4F40F0FD805FED047A60EE277AE8
:100C50006FF0170217EE906A9148F115C6F3160669
:100C60007F398642114446F07E5240F3E2808D483F
:100C7000864240F302819FED8C5A0131A2F50002B9
:100C8000F0EE453A0020B7EE006A06EE902A76EEC6
:100C9000867AB7EE007A87EE278A521042F0005229
:100CA00002F58022024436EEC67A07EE902A27EE3D
:100CB000084A77EEC65ADFED7D8A9FED7D0A7D4AB0
:100CC000DFED7D1ADFED7D0A9FED7D1A9FED7D2A18
:100CD000DFED7D2A9FED7D3A24EE046A14EE100AC2
:100CE000A6EE280A104076EEE56AF0EE615A04EEB0
:100CF000900AE0EE065AF1EE641AA1EEA77AF0EE41
:100D0000607AE5EE867AA1EEA67AF0EE415AE7EE39
:100D1000865A67EE086AB0EE427AA5EE867A74EEDD
:100D2000247A26EE066A67EEA67AF0EE085AE6EE18
:100D3000077AB0EE657AA4EEA47A9FED652A37EEC5
:100D4000276A07EE101A16EE101A114006EE101A56
:100D500076EE655AB8EEC77AE1EEA45A77EEE57AF8
:100D600067EE847AE6EE867AF0EE675AE4EE865A0B
:100D700015EE901A114006EE901AE1EE866A05EE25
:100D8000901A77EEE67A67EEA27AE5EE837A77EE4E
:100D9000A37AF0EE676AE5EE826A76EE856A76EE11
:100DA000876A16EE901A114006EE901A36EEC77A50
:100DB00037EE457AA5EEC27A77EEC77A26E6B9F124
:100DC000010F7FF4AFADB1EE400AABE502F00102D6
:100DD000C2F10209B5E53F498B4257DC7FF444AECE
:100DE00076EEC76AF4EEE76AF1EE10FA4EDADB153A
:100DF0004FF400017E3B41FA03F31344C3F3C751A0
:100E0000354C7F390C41C3F3160023EA040306EE88
:100E1000903A37EE667AC1F1170140F400000841BC
:100E2000002A77EE876AB8BF4042C10516EE902AC5
:100E300020E69FED1D5A0020F0EE453AB7EE006A1D
:100E400023E7002208E79FED256A76EEC76A37EEB2
:100E5000866AB4EEE66AF1EE10FAC8DDDFED207ABC
:100E600028EE270A20EE270A5CE5002CBFF6A1AE8B
:100E70009FED1B0A20EE000A54E59FED1A5ADFEDA4
:100E80001A3A4FF40010B7EE086AFEE6DFED177A63
:100E900028EE270A20EE270A44E500F0F3FE40E69C
:100EA00071C41C00D6B35D000000000042F1533E47
:100EB00055326C3E00F0FFFF05A38B3EABAAAA3E65
:100EC000B76DDB3E9A99193F4F38763FA0C39D36E8
:100ED0000038763F00001643FFFF7F003CAA3833FE
:100EE000CAF2497100C0153FDCCFD1356042A20D76
:100EF00070B510EE103A964A23F00044944286B042
:100F0000054668DD934A944210EE106A1ADC002B05
:100F100024F00F04DFED907A904A40F3F28094427F
:100F200070EE677A66D09FED8E7A77EEC76A012001
:100F300077EEE67AC5ED006A77EEC77AC5ED017AFD
:100F400006B070BD874A944267DDB4F1FF4F49DABD
:100F5000E215863AA4EBC25307EE903ABDEEE77A6B
:100F6000DFED816AB8EEC77A77EEC77A8DED037A46
:100F700067EEA67ABDEEE77AB8EEC77A77EEC77A63
:100F80008DED047A67EEA67AF5EE407AF1EE10FA6E
:100F9000CDED057A40F0A280B5EE407AF1EE10FA80
:100FA00014BF02230123714901910221009103A87A
:100FB000294600F06FF9002EC2DA95ED007AD5EDE2
:100FC000017AB1EE477AF1EE677A404285ED007A18
:100FD000C5ED017AB4E7002285ED000A42600020E9
:100FE00006B070BD70EE407A0020C5ED017AC5ED07
:100FF000007AA5E7DFED5E6A9FED5E7A77EEE67A2E
:10100000012077EEC76A77EEE67AC5ED006A77EEE3
:10101000C77AC5ED017A06B070BDFFF757F9DFED6D
:10102000566ADFED4D5A9FED4E7AF6EE007AE0EE0D
:10103000267AFDEEE77A17EE900AF8EEE76A1F28A7
:10104000B1EE666AA6EE250A66EE877A1EDC421EBF
:101050004A4B53F8223024F0FF029A4230EE677A6E
:1010600016D085ED007A30EE470A002E30EE670A82
:1010700085ED010ABFF664AFB1EE477AB1EE400AE2
:1010800085ED007A85ED010A404259E730EE677A36
:1010900017EE103AE415C3F3C753E31A082BE0DD4B
:1010A000DFED337A9FED337AF0EE405AE6EE275AC1
:1010B00030EE650AA6EE270AF0EE407AD6EE877A81
:1010C00035EEE77A17EE103AC3F3C753E41A192C3A
:1010D00006DC85ED007AB0EE650AC4E7032362E71B
:1010E0009FED277A9FED275AB0EE650AA6EE070A14
:1010F00075EEC07AE6EE077AD6EE857A30EE677A3C
:10110000AFE7944270EE277A0ED09FED157A77EE16
:10111000876A4FF0FF3077EEE67AC5ED006A77EE2A
:10112000877AC5ED017A0BE7DFED116A9FED117A41
:1011300077EEA67A4FF0FF3077EE876A77EEE67AA1
:10114000C5ED006A77EE877AC5ED017AF8E600BF53
:10115000D80F493FE3CB1640800FC93FD00FC93F9E
:1011600043443537800F4943000080431CBF0008CB
:101170000044353708A3852E84F9223F9CBE000821
:1011800000A3852E32318D24B1EEC00A704700BF16
:1011900010EE103A23F00043B3F1485F2CDAFDEE75
:1011A000C07A17EE903A002B60D020EE007ADFED87
:1011B000314A9FED315ADFED315A9FED316ADFED53
:1011C000317ADFED316AA7EE245AE7EE055AA7EE31
:1011D000256AE7EE067AE7EE276A66EE876A60EE32
:1011E000C00AB6EE006AE7EE260AF7EE007AD7EEFE
:1011F000060A37EEE00A704720EE007ADFED1D4A5E
:101200009FED1D5ADFED1D5A9FED1D6ADFED1D7A22
:10121000DFED1D6A1D4AA7EE245A9342E5EE075AF8
:10122000A5EE876AE6EE077AE7EE876A66EE876ADA
:10123000D5DD174A934214DC03F17F4307EE903A61
:10124000B7EE006A36EE676A60EEC00AF6EE005A44
:10125000E7EE260AD7EE257A77EEE07A36EE670AD1
:101260007047B6EE076AF5EE027AEDE7B7EE000AD0
:10127000704700BF4ED747ADF6740F317CF293B480
:10128000010DD037610BB6BAABAA2A3D9999993EA8
:101290000000483F2DE9F04F2DED048BDBB0D64C1C
:1012A000689D0791111D54F82550049309928146B9
:1012B00003F1FF38C0F25782D31E44BF13460433F4
:1012C000DB1003930133DB000893DDE908239B1A4D
:1012D0000693039B15EB0801A3EB080316D4013119
:1012E0009FEDC67A699819441EAA002BA4BF50F836
:1012F000234007EE904A03F10103ACBFF8EEE77A12
:10130000F0EE477A8B42E2EC017AEED1049B002D9D
:101310004FEA830C4FEA850A1DDB1EAB03EB0C047E
:1013200047AB09EB0C0103EB0A0646A8B8F1000F26
:10133000DFEDB27A09DB22464B46F3EC016A32ED6F
:10134000017A8B42E6EE877AF7D1E0EC017AB0427F
:1013500004F10404EAD1AAF108030AAFFB180593CB
:10136000AB4609AB01959FEDA79ADFEDA58A069DD7
:1013700009EB0C049A4446AE4FEA8B015AAB0B447E
:10138000BBF1000F13ED140A16DD06EB8B033A4692
:1013900060EE097AB0EE407AFDEEE77A73ED016A0D
:1013A000F8EEE77AB342A7EEE87A37EEA60ABDEE8A
:1013B000C77AA2EC017AEBD12846029100F062FCD8
:1013C000B0EE408AB4EE000A28EE000A00F0B4FB4A
:1013D000F2EE007AA0EE678A002D0299FDEEC89A1F
:1013E000F8EEE97A38EE678A75DD0BF1FF3CC5F15E
:1013F000080357F82C2042FA03F000FA03F3D31A3B
:1014000047F82C30C5F1070219EE90CA43FA02F2F0
:101410008444002A09EE90CA66DCB5EE408AF1EEFB
:1014200010FA40F0A380019B0BF1FF3C63450EDCFA
:101430000BF18041013907EB8101002051F804399B
:10144000514540EA0300F9D1002840F0EE80019BAD
:10145000013B57F82330002B40F0E280059B012030
:1014600053F804290130002AFAD00BF10103584443
:101470009C46039A03EB020E049A1EA95A440EF1ED
:10148000804E01EB820269990EF1FF3E01EB8E0E58
:1014900006EB830B5EF8043F9FED587A07EE903A17
:1014A000F8EEE77A1146B8F1000FE1EC017A09DBBA
:1014B0004B4601E072ED017AF3EC016AA342A6EE1D
:1014C000A77AF7D10CF1010C8445ABEC017A0A46FE
:1014D000E0DD834650E740F099800BF1FF3357F889
:1014E00023201212002A98DD19EE903ABBF1000F6A
:1014F00003F1010309EE903A40F3C48138680028F3
:1015000061D1BBF1010F0BD0BE464FF0010C5EF86C
:10151000040F0CF10103002858D19B459C46F6D1DD
:10152000002D0CDD012D00F01581022D07D10BF1EE
:10153000FF3157F8213003F03F0347F82130022AEA
:101540007FF46BAFB7EE000A30EE488A00283FF414
:1015500064AF2846029200F095FB38EE408A029A6A
:10156000B5EE408AF1EE10FA3FF45DAF9046DDE94A
:101570000832B0EE480A981A019D00F083FB9FEDF7
:10158000207AB4EEC70AF1EE10FAC0F27D81DFEDE9
:101590001D7A069B60EE277A0833FDEEE77A069304
:1015A000F8EEE77A0BF10103A7EEC70AFDEEE77A42
:1015B000BDEEC00A10EE102A47F82B2017EE902A35
:1015C00047F8232046E001234FF0000CC0F580705F
:1015D0009B4547F82C000CDD57F82300394407EBF6
:1015E000830300E01868C0F1FF0043F8040B8B424E
:1015F000F8D1012094E700BF34C2000800000000C9
:10160000000080430000803B0000C93FF6EE007AF6
:10161000B4EEE78AF1EE10FA80F2AA800022FCE62E
:101620000BF101039C46184623E70699019D90465D
:1016300057F82C200839634606915AB90BF18042BD
:10164000023A07EB820252F80409013B08390028EC
:10165000F9D0069106980193B7EE000A00F012FB4C
:10166000019B002BC0F22F819E0046AA06F1040CBC
:101670001FED1C7A1644311D07EB0C0272ED017A46
:10168000F8EEE77ABA4267EE807A20EE070A61ED5B
:10169000017AF3D10DF1C80E002D77464FF000040A
:1016A0001FED276A1DDB9248DFED927A3146B0EEDE
:1016B000467A002203E0A24208DCB0EC017AF1ECA9
:1016C000016A01329542E6EE877AF4DA9C42E7EC51
:1016D000017AA6F1040604F101020CD0002D144693
:1016E000E1DADFED847A9C42E7EC017AA6F10406A8
:1016F00004F10102F2D1689A032A22D8DFE802F04D
:10170000B19F9F4ADFED7B7A9DED327A424637EEFC
:10171000677A002A40F0C080079A002BC2ED007A59
:101720000CDD33A90122F1EC017A0132934237EE4C
:10173000277AF8DA43460BB1B1EE477A079B83ED7F
:10174000017A19EE903A03F007005BB0BDEC048B10
:10175000BDE8F08F0BF1FF3157F8213003F07F0324
:1017600047F82130EBE60823089300230393ACE508
:1017700019EE903ABBF1000F03F1010309EE903A24
:10178000C8BF02223FF7BAAEF7EE007A37EEC88A3A
:10179000022242E6002B40F3A88099005AAA0A448C
:1017A0000DF1C80E52ED286A0EEB830272ED017A3C
:1017B00037EEA67A964577EEC77A82ED007A77EE15
:1017C000A67AF0EE476AC2ED017AEFD1012B40F321
:1017D0008C8003F18043013B5AAA9B0011441A1DDF
:1017E00051ED286A724433A972ED017A37EEA67A78
:1017F000914277EEC77A82ED007A77EEA67AF0EE24
:10180000476AC2ED017AEFD10833DFED3A7A7344CB
:101810000EF1080E33ED017A9E4577EE877AF9D105
:101820004346DDED326A9DED337A002B3DD1079BB7
:10183000C3ED006A83ED017AC3ED027A81E7DFED43
:101840002D7AF4443CED017AE64577EE877AF9D1BA
:101850009DED327A424637EE677A002A3FF45CAF5C
:101860001AE0DFED247AF4443CED017AE64577EEA8
:10187000877AF9D143460BB1F1EE677A079BC3ED46
:10188000007A5EE700204BE6BDEEC00A5B4610EE34
:10189000102A47F82B20DDE6079AF1EE677A002B35
:1018A000C2ED007A3FF73DAF46E7079BF1EE666A6F
:1018B000B1EE477AF1EE677AC3ED006A83ED017A03
:1018C000C3ED027A3DE7689A032A3FF63AAF01A1D9
:1018D00051F822F0E5180008051700080517000860
:1018E00095170008DFED037AC4E7DFED027A97E78A
:1018F00044C200080000000010EE103A23F000433C
:10190000B3F1485F04DAFDEEC07A17EE903A5BB3AC
:1019100060EE007A9FED155ADFED155A9FED156ABE
:10192000DFED156A9FED157AE7EE855A20EE275A0E
:10193000A5EEA76AE6EE276AA6EEA77A30B9DFED34
:10194000106AE7EE876AA6EE850A704727EE457AA9
:10195000F6EE006AA0EEA67ADFED0A6AD7EE270A55
:10196000E5EE260A30EE600A704700BFD3C92E2F7D
:10197000342FD7B21BEF3836010D50B98988083C97
:10198000ABAA2ABEABAA2A3E38B510EE105A25F0F3
:101990000044B4F1A14FF0EE407A0BDBB4F1FF4FFD
:1019A00056DCDFED4E7A9FED4E0A002DC8BFB0EE3B
:1019B000670A38BD4B4B9C425CDCB4F1445F4ADBA8
:1019C0004FF0FF3267EEA76ADFED471ADFED472AD7
:1019D0009FED472A9FED473ADFED473A9FED474A93
:1019E000DFED474A9FED475ADFED475A9FED470A23
:1019F0009FED476A26EEA67A531CE7EE212AA7EE52
:101A0000023AE2EE873AA3EE074AE3EE874AA4EEF3
:101A1000075AE4EE875AA5EE070AA5EE876A20EE7C
:101A2000070AA6EE260A20EE270A20D0394B03EB40
:101A30008203D3ED046A93ED007A30EE660A002D3E
:101A400070EE677A37EE670AB3DAB1EE400A38BD56
:101A500030EE000A38BD9FED307A30EE077AF7EEAF
:101A6000006AB4EEE67AF1EE10FAA9DD38BD37EE81
:101A7000C00A38BDFEF72AFC284B9C420FDCA3F5B8
:101A8000D0039C4220DCF0EE007ABFEE007AA0EE9C
:101A9000277A002230EE270AC7EE007A92E7204B21
:101AA0009C420BDCF7EE087AB7EE007AA0EE277ABC
:101AB000022230EE670AC0EE077A83E7BFEE007AB3
:101AC000C7EE007A03227DE7F7EE007A30EE677A00
:101AD00030EE270A0122C7EE007A73E7DB0FC93F19
:101AE000DB0FC9BFFFFFDF3ED769853C59DA4B3DAD
:101AF00021A215BD6BF16EBD356B883D95879DBDEF
:101B00006E2EBA3D388EE3BD2549123ECDCC4CBE7B
:101B1000ABAAAA3E6CC20008CAF24971FFFF973F08
:101B2000FFFF1B4010EE103A23F00040B0F1FF4FD2
:101B3000ACBF00200120704710EE102A22F00041B7
:101B4000CB0D7F3B162B28DC002B18DB19491941E4
:101B50000A4221D0DFED187A70EE277AF5EEC07ACE
:101B6000F1EE10FA18DD002A04DA4FF4000040FA12
:101B700003F31A4422EA010300EE103A7047DFED46
:101B80000E7A70EE277AF5EEC07AF1EE10FA03DDE8
:101B9000002A08DB9FED090A7047B1F1FF4FFBD324
:101BA00030EE000A70470029FFEE007A18BFB0EE51
:101BB000670A7047FFFF7F00CAF24971000000000A
:101BC0009FED010A704700BF0000C07F10EE101AA1
:101BD00021F00040C30DA3F17F02162A27DC28B3B1
:101BE00010B4002A83B04FEAD17426DB234B134193
:101BF000194217D05808014207D04FF4001321EAC8
:101C0000000113410B4300EE103A1D4B03EB84041B
:101C1000D4ED007A37EE800A8DED010A9DED010AC0
:101C200030EE670A03B05DF8044B70477047B0F1BF
:101C3000FF4FFBD330EE000A7047C1F316035B423F
:101C40000F4A5B0A090D03F480030905194302EBEF
:101C50008402D2ED006A07EE901A36EEA77A8DED77
:101C6000017ADDED017A77EEE67A17EE903A23F00D
:101C7000004343EAC47300EE103AD3E7FFFF7F004E
:101C80008CC2000882B08DED010A019B33F0004246
:101C90002AD0B2F1FF4F23D213F0FF4F28D19DED90
:101CA000017ADFED2A7A2A4B67EE277A9842CDED4A
:101CB000017A37DB019BC3F3C752193A0244FE2A6B
:101CC0001ADD9FED240A9FED247A019B002BF0EE94
:101CD000407AB8BFB0EE470A20EE270A02B070473C
:101CE00030EE000A02B070479DED010A02B0704765
:101CF000D20D0244FE2AE4DC002A0BDC12F1160F9E
:101D000017DA4CF250339842DBDC9FED140A9FED5A
:101D1000147ADAE723F0FF4343EAC25300EE103AA5
:101D200002B070479FED0D0ADDED017A27EE800AC3
:101D3000D8E7193223F0FF4343EAC253DFED097AB3
:101D400007EE103A27EE270ACCE700BF0000004C50
:101D5000B03CFFFFCAF24971CAF249F16042A20DDC
:101D60006042A28D0000003381F0004102E000BF1C
:101D700083F0004330B54FEA41044FEA430594EA4B
:101D8000050F08BF90EA020F1FBF54EA000C55EA86
:101D9000020C7FEA645C7FEA655C00F0E2804FEA57
:101DA0005454D4EB5555B8BF6D420CDD2C4480EA39
:101DB000020281EA030382EA000083EA010180EA69
:101DC000020281EA0303362D88BF30BD11F0004FB7
:101DD0004FEA01314FF4801C4CEA113102D04042ED
:101DE00061EB410113F0004F4FEA03334CEA133328
:101DF00002D0524263EB430394EA050F00F0A78040
:101E0000A4F10104D5F1200E0DDB02FA0EFC22FA3A
:101E100005F2801841F1000103FA0EF2801843FA2E
:101E200005F359410EE0A5F120050EF1200E012A1F
:101E300003FA0EFC28BF4CF0020C43FA05F3C0185D
:101E400051EBE37101F0004507D54FF0000EDCF1D6
:101E5000000C7EEB00006EEB0101B1F5801F1BD37F
:101E6000B1F5001F0CD349085FEA30004FEA3C0C83
:101E700004F101044FEA445212F5800F80F09A8079
:101E8000BCF1004F08BF5FEA500C50F1000041EB7D
:101E9000045141EA050130BD5FEA4C0C404141EB81
:101EA0000101013C28BFB1F5801FE9D291F0000F7C
:101EB00004BF01460020B1FA81F308BF2033A3F12B
:101EC0000B03B3F120020CDA0C3208DD02F1140C22
:101ED000C2F10C0201FA0CF021FA02F10CE002F15D
:101EE0001402D8BFC2F1200C01FA02F120FA0CFC56
:101EF000DCBF41EA0C019040E41AA2BF01EB04519F
:101F0000294330BD6FEA04041F3C1CDA0C340EDC9C
:101F100004F11404C4F1200220FA04F001FA02F3DF
:101F200040EA030021FA04F345EA030130BDC4F19D
:101F30000C04C4F1200220FA02F001FA04F340EA92
:101F40000300294630BD21FA04F0294630BD94F043
:101F5000000F83F4801306BF81F480110134013D2A
:101F60004EE77FEA645C18BF7FEA655C29D094EA9B
:101F7000050F08BF90EA020F05D054EA000C04BF19
:101F80001946104630BD91EA030F1EBF0021002004
:101F900030BD5FEA545C05D14000494128BF41F0A3
:101FA000004130BD14F580043CBF01F5801130BD07
:101FB00001F0004545F0FE4141F470014FF0000092
:101FC00030BD7FEA645C1ABF194610467FEA655C43
:101FD0001CBF0B46024650EA013406BF52EA0335E5
:101FE00091EA030F41F4002130BD00BF90F0000FD3
:101FF00004BF0021704730B54FF4806404F132040F
:102000004FF000054FF0000150E700BF90F0000FC7
:1020100004BF0021704730B54FF4806404F13204EE
:1020200010F0004548BF40424FF000013EE700BFBE
:1020300042004FEAE2014FEA31014FEA02701FBF4E
:1020400012F07F4393F07F4F81F06051704732F080
:102050007F4208BF704793F07F4F04BF41F40021D7
:10206000704730B54FF4607401F0004521F0004135
:102070001CE700BF50EA010208BF704730B54FF0BF
:1020800000050AE050EA010208BF704730B511F0C0
:10209000004502D5404261EB41014FF4806404F1F8
:1020A00032045FEA915C3FF4D8AE4FF003025FEA7E
:1020B000DC0C18BF03325FEADC0C18BF033202EB02
:1020C000DC02C2F1200300FA03FC20FA02F001FA5C
:1020D00003FE40EA0E0021FA02F11444BDE600BFFF
:1020E00070B54FF0FF0C4CF4E06C1CEA11541DBFAE
:1020F0001CEA135594EA0C0F95EA0C0F00F0DEF879
:102100002C4481EA030621EA4C5123EA4C5350EA5D
:10211000013518BF52EA033541F4801143F48013AE
:1021200038D0A0FB02CE4FF00005E1FB02E506F03F
:102130000042E0FB03E54FF00006E1FB03569CF094
:10214000000F18BF4EF0010EA4F1FF04B6F5007F9A
:1021500064F5407404D25FEA4E0E6D4146EB06060C
:1021600042EAC62141EA55514FEAC52040EA5E5095
:102170004FEACE2EB4F1FD0C88BFBCF5E06F1ED83F
:10218000BEF1004F08BF5FEA500E50F1000041EB76
:10219000045170BD06F0004646EA010140EA020023
:1021A00081EA0301B4EB5C04C2BFD4EB0C0541EA45
:1021B000045170BD41F480114FF0000E013C00F35A
:1021C000AB8014F1360FDEBF002001F0004170BD7E
:1021D000C4F10004203C35DA0C341BDC04F1140497
:1021E000C4F1200500FA05F320FA04F001FA05F223
:1021F00040EA020001F0004221F0004110EBD370F0
:1022000021FA04F642EB06015EEA430E08BF20EA1B
:10221000D37070BDC4F10C04C4F1200500FA04F3BE
:1022200020FA05F001FA04F240EA020001F0004150
:1022300010EBD37041F100015EEA430E08BF20EAC3
:10224000D37070BDC4F1200500FA05F24EEA020E0B
:1022500020FA04F301FA05F243EA020321FA04F03A
:1022600001F0004121FA04F220EA020000EBD370F1
:102270005EEA430E08BF20EAD37070BD94F0000FF1
:102280000FD101F00046400041EB010111F4801F25
:1022900008BF013CF7D041EA060195F0000F18BFD6
:1022A000704703F00046520043EB030313F4801F12
:1022B00008BF013DF7D043EA0603704794EA0C0FCC
:1022C0000CEA135518BF95EA0C0F0CD050EA4106E2
:1022D00018BF52EA4306D1D181EA030101F000415F
:1022E0004FF0000070BD50EA410606BF1046194687
:1022F00052EA430619D094EA0C0F02D150EA013693
:1023000013D195EA0C0F05D152EA03361CBF1046D3
:1023100019460AD181EA030101F0004141F0FE4172
:1023200041F470014FF0000070BD41F0FE4141F4F6
:10233000780170BD70B54FF0FF0C4CF4E06C1CEAF6
:1023400011541DBF1CEA135594EA0C0F95EA0C0FAB
:1023500000F0A7F8A4EB050481EA030E52EA033566
:102360004FEA013100F088804FEA03334FF0805587
:1023700045EA131343EA12634FEA022245EA1115B4
:1023800045EA10654FEA00260EF000419D4208BF65
:10239000964244F1FD0404F5407402D25B084FEA12
:1023A0003202B61A65EB03055B084FEA32024FF4BE
:1023B00080104FF4002CB6EB020E75EB030E22BF1B
:1023C000B61A754640EA0C005B084FEA3202B6EBDB
:1023D000020E75EB030E22BFB61A754640EA5C008A
:1023E0005B084FEA3202B6EB020E75EB030E22BF1A
:1023F000B61A754640EA9C005B084FEA3202B6EB1B
:10240000020E75EB030E22BFB61A754640EADC00D9
:1024100055EA060E18D04FEA051545EA16754FEA3B
:1024200006164FEAC30343EA52734FEAC2025FEA59
:102430001C1CC0D111F4801F0BD141EA00014FF0E8
:1024400000004FF0004CB6E711F4801F04BF0143B9
:102450000020B4F1FD0C88BFBCF5E06F3FF6AFAED5
:10246000B5EB030C04BFB6EB020C5FEA500C50F165
:10247000000041EB045170BD0EF0004E4EEA1131E8
:1024800014EB5C04C2BFD4EB0C0541EA045170BDEF
:1024900041F480114FF0000E013C90E645EA060E33
:1024A0008DE60CEA135594EA0C0F08BF95EA0C0F61
:1024B0003FF43BAF94EA0C0F0AD150EA01347FF4A9
:1024C00034AF95EA0C0F7FF425AF104619462CE780
:1024D00095EA0C0F06D152EA03353FF4FDAE1046E3
:1024E000194622E750EA410618BF52EA43067FF434
:1024F000C5AE50EA41047FF40DAF52EA43057FF4C4
:10250000EBAE12E74FEA4102B2F1E04324BFB3F56C
:10251000001CDCF1FE5C0DD901F0004C4FEAC0025A
:102520004CEA5070B2F1004F40EB830008BF20F03E
:102530000100704711F0804F21D113F13872BCBFF8
:1025400001F00040704741F480114FEA5252C2F14D
:102550001802C2F1200C10FA0CF320FA02F018BF96
:1025600040F001004FEAC1234FEAD32303FA0CFCE9
:1025700040EA0C0023FA02F34FEA4303CCE77FEA78
:10258000625307D150EA01331EBF4FF0FE4040F4C2
:102590004000704701F0004040F0FE4040F4000071
:1025A000704700BF014B1868704700BF080000204B
:1025B000844641EA000313F003036DD1403A41D34E
:1025C00051F8043B40F8043B51F8043B40F8043B0D
:1025D00051F8043B40F8043B51F8043B40F8043BFD
:1025E00051F8043B40F8043B51F8043B40F8043BED
:1025F00051F8043B40F8043B51F8043B40F8043BDD
:1026000051F8043B40F8043B51F8043B40F8043BCC
:1026100051F8043B40F8043B51F8043B40F8043BBC
:1026200051F8043B40F8043B51F8043B40F8043BAC
:1026300051F8043B40F8043B51F8043B40F8043B9C
:10264000403ABDD2303211D351F8043B40F8043B3C
:1026500051F8043B40F8043B51F8043B40F8043B7C
:1026600051F8043B40F8043B103AEDD20C3205D34C
:1026700051F8043B40F8043B043AF9D2043208D044
:10268000D2071CBF11F8013B00F8013B01D30B88B6
:1026900003806046704700BF082A13D38B078DD094
:1026A00010F003038AD0C3F10403D21ADB071CBF66
:1026B00011F8013B00F8013B80D331F8023B20F8D0
:1026C000023B7BE7043AD9D3013A11F8013B00F809
:1026D000013BF9D20B7803704B7843708B78837091
:1026E00060467047F0B4860746D0541E002A3CD09E
:1026F000CAB2034602E014F1FF3436D303F8012BCB
:102700009D07F8D1032C29D9CDB245EA05250F2C18
:1027100045EA054533D9A4F11006360903F120072F
:1027200007EB061703F1100242E9045542E902558E
:102730001032BA42F8D1721C14F00C0F03EB0212E3
:1027400004F00F0613D0331F23F0030304331344A4
:1027500042F8045B9342FBD106F003042CB1C9B2EA
:102760001C4403F8011B9C42FBD1F0BC704734466B
:102770001346002CF3D1F8E714460346C2E71A4685
:102780002646E0E700000000000000000000000016
:102790000000000000000000000000000000000039
:1027A000A2EB0300704700BF02780B78012A28BF14
:1027B0009A42F5D16DE9044540EA0104CDE902678A
:1027C0006FF0000C4FEA447212B380EA010414F077
:1027D000070F6AD100F0070420F0070004F003059A
:1027E00021F007014FEAC505F0E8042314F0040FB7
:1027F000F1E804670CFA05F462EA040266EA0406EA
:102800000AD063EA0403624667EA0407664603E007
:10281000F0E80423F1E8046782FA4CF582EA060442
:10282000A4FA8CF46CBB83FA4CF583EA0705A5FA8D
:102830008CF595B950E9022351E9026782FA4CF50B
:1028400082EA0604A4FA8CF483FA4CF583EA0705BD
:10285000A5FA8CF52543DBD09CB92DBAB5FA85F4E1
:1028600024F0070427FA04F1DDE9026723FA04F3F0
:1028700003F0FF0001F0FF01FDE80445A0EB0100BB
:10288000704724BAB4FA84F424F0070426FA04F159
:10289000DDE9026722FA04F202F0FF0001F0FF0115
:1028A000FDE80445A0EB0100704714F0030F3CD194
:1028B00010F0030428D150F8082B51F8083B82FA95
:1028C0004CF582EA0305A5FA8CF55DB950F8042CA5
:1028D00051F8043C82FA4CF582EA0305A5FA8CF51E
:1028E000002DE8D02DBAB5FA85F424F0070423FAB8
:1028F00004F122FA04F202F0FF0001F0FF01FDE80A
:102900000445A0EB010070474FEAC40420F0030027
:1029100050F8082B21F0030151F8083B0CFA04F49D
:1029200062EA040263EA0403C9E710F003041AD060
:10293000A1EB040120F00300E40750F8042B06D0BB
:102940000FD28B785FFAA2F4E41A06D12BB1CB78C0
:102950005FFAB2F4E41A00D11BB920465DF8104BBF
:10296000704701F1040150F8042BCC0721F003015A
:1029700051F8043B48D824D222F07F4482FA4CF527
:1029800094EA1325A5FA8CF50AD165B951F8043BF0
:1029900084EA0204B4EB036F0ED150F8042BEBE78A
:1029A0004FEA132355E035F07F454DD10878FDE817
:1029B0000445C0F1000070474FEA126203F0FF03C4
:1029C00047E002EA1C4482FA4CF594EA1345A5FA62
:1029D0008CF50AD165B951F8043B84EA0204B4EBE2
:1029E000034F0CD150F8042BEBE74FEA134330E0D0
:1029F00015EA1C4528D10B884FEA124229E04FEA1C
:102A0000124203EA1C4324E002F0FF0482FA4CF570
:102A100094EA1365A5FA8CF50AD165B951F8043B1F
:102A200084EA0204B4EB032F09D150F8042BEBE73E
:102A30004FEA13630DE015F0FF0F05D10B684FEA65
:102A4000122223F07F4304E04FF00000FDE804452C
:102A5000704712BA1BBA82FA4CF482EA0304A4FA51
:102A60008CF5B5FA85F402FA04F203FA04F34FEA9E
:102A70001260FDE80445A0EB1360704770B5141EAA
:102A80009AB005462BDB1A464FF40273009104916D
:102A9000ADF80C3013D0013C4FF6FF761E9B02942C
:102AA00069460594ADF80E6000F02EF8421C01DA7C
:102AB0008B232B60009B00221A701AB070BD1E9BE6
:102AC00002944FF6FF7669460594ADF80E6000F06B
:102AD0001BF8431C01DA8B232B601AB070BD8B23CB
:102AE00003604FF0FF30F8E710B5054C82B000935B
:102AF00013460A4601462068FFF7C0FF02B010BD2A
:102B000008000020000000002DE9F04FBFB00C4687
:102B100007919246CDE9080302F024FA0368119365
:102B2000184603F02DFAA3890F901D0603D52369DB
:102B3000002B00F02D879FEDAC7B00238DED0C7BEF
:102B40000E93CDE922331093129304932EAB21936D
:102B500099469AF80030002B00F0C180252B00F038
:102B60006586554603E0252B00F0AB8025466B7843
:102B70006C1C002BF7D1B4EB0A0600F0B080DDE945
:102B8000223201333244072BC9F800A0C9F804608F
:102B9000CDE9223200F39A8009F10809049A6B7892
:102BA00032440492002B00F09A80002367788DF85D
:102BB00067301A46194605939B4604F1010A4FF007
:102BC000FF360AF1010AA7F12003582B00F2D48244
:102BD000DFE813F0E000D202D202DB00D202D20220
:102BE000D202D202D202D202D000CB00D202C60060
:102BF000AD00D202A80099009900990099009900AF
:102C00009900990099009900D202D202D202D20210
:102C1000D202D202D202D202D202D20299025802C7
:102C2000D2025802D202D202D202D2025302D202FD
:102C3000D2026800D202D202D202D202D2025900DB
:102C4000D202D2023B02D202D202D202D202D2027B
:102C5000D202D202D202D202D202C001960158029E
:102C60005802580291019601D202D2028401D20286
:102C70006E016A003F013A01D2021001D2025B00EC
:102C8000D202D202E8004BF0100B1BF0200F00F034
:102C90005E82099C073424F00703F3E80245099398
:102CA0000123E6E04BF0100B1BF0200300F04582FF
:102CB000099C073424F00703F3E802450993002335
:102CC000D7E0B4EB0A063FF470AF58E721AADDE97C
:102CD000071003F0C3F948B90DF1B8095EE7239B6B
:102CE00023B10898079921AA03F0B8F9079B9B899B
:102CF00013F0400F049B18BF4FF0FF330493049868
:102D00003FB0BDE8F08FA7F1300300201AF8017B37
:102D100000EB800003EB4000A7F13003092BF5D94D
:102D2000059050E74BF0800B9AF8007049E7504649
:102D300010F8017B2A2F01F01881A7F13003092B2D
:102D400082464FF000063FF63EAF1AF8017B06EBD5
:102D5000860603EB4606A7F13003092BF5D932E7C7
:102D60009AF800704BF0040B2BE79AF800700122E0
:102D70002B2126E7099B9AF8007053F8040B059065
:102D80000028C0F2F48509931BE74BF0010B9AF879
:102D9000007016E79AF8007000297FF412AF012244
:102DA00020210EE7002A41F08680114B10931BF082
:102DB000200F00F05381099C073424F00703F3E847
:102DC000024509931BF0010F00F0E78154EA050367
:102DD00000F0E38130238DF868308DF869704BF096
:102DE000020B022345E000BF0000000000000000CD
:102DF0006CC90008099C54F8043B0A9300258DF81F
:102E00006750002B00F09786711C00F0FC8532465D
:102E100029460A9802F064FB002801F01E800A9BF4
:102E2000C31A06932E4623EAE3739DF8678009943C
:102E3000CDF808B003930B96B8F1000F00F09C801A
:102E4000039B0133039397E04BF0200B9AF800703B
:102E5000B7E6099C54F8043B099447F630021C4637
:102E6000C04B1093ADF868204BF0020B00250223F5
:102E700078274FF000088DF86780721C00F0918170
:102E80002BF08002029254EA050240F08881002E65
:102E900040F08D83002B58D11BF00103069300F006
:102EA000E08430238DF8B7300DF1B7030A939EE329
:102EB000002A40F0FC87099A1BF0200F52F8043BCF
:102EC000099240F0D1841BF0100F40F0A4851BF054
:102ED000400F00F0A085049A1A803AE69AF8007034
:102EE0006C2F03BF9AF801704BF0200B0AF1010A16
:102EF0004BF0100B65E64BF0400B9AF8007060E663
:102F0000002A40F0D0871BF0200F00F00581099CBB
:102F1000073424F007031946F1E802230991144607
:102F20001D46002A73F10003C0F27384731C9DF8E0
:102F3000678000F066832BF08003029354EA050358
:102F400040F05D83002E40F0488700262EAB0696A9
:102F50000A934CE3099C002354F8042B8DF890202D
:102F60008DF86730012224AB0392099406920A93EC
:102F70000026CDF808B00B96029B13F0020302D096
:102F8000039A02320392029A239C12F0840B05D119
:102F9000059A0399551A002D00F375829DF8672054
:102FA00072B1229A013201340DF167000121072A22
:102FB000CDE92224C9E9000100F3A08209F1080942
:102FC0006BB1229B013302341AA90222072BCDE9EF
:102FD0002234C9E9001200F39F8209F10809BBF10C
:102FE000800F00F06A81069BF61A002E00F3AC8178
:102FF000029BDE0500F10281229B0A9AC9F800209B
:10300000069AC9F8042001331444072B2394229311
:1030100000F32D8209F10809029B5A0705D5059B8B
:10302000039A9D1A002D00F38382DDE9043203998F
:103030008A42ACBF9B185B180493002C40F0BD8102
:10304000002322930DF1B80983E5002A40F0108790
:10305000454B10931BF0200F7FF4ADAE099B1BF086
:10306000100F53F8044B099340F0DD831BF0400F21
:1030700000F0D983A4B20025A4E64BF0080B9AF81F
:1030800000709EE5002A40F0F786099C073424F082
:103090000703B3EC027B55EC174B099325F0004373
:1030A00015938DED147ADDE914014FF0FF322F4BAB
:1030B0008DED0C7B06F050F8002840F0F1834FF0C6
:1030C000FF322A4BDDE9140106F028F8002840F011
:1030D000E783002200232046294606F015F8002841
:1030E00040F013869DF86780214A224B0321002679
:1030F0002BF08000472FC8BF1A46039102900A9216
:1031000006910B9698E6002A40F0D9864BF0100BFA
:103110001BF0200F7FF4FBAE099B1BF0100F53F840
:10312000044B099340F06D831BF0400F00F069835E
:1031300024B2E51722462B46F3E6099A52F8044BCF
:1031400009921BF0100200F09E83002591E6099B76
:103150001BF0100F53F8044B099300F08C830025EB
:10316000012386E66CC9000858C90008FFFFEF7FFD
:1031700048C900084CC90008002A40F0EF85002F1C
:103180003FF4ADAD002301228DF8673024AB0392EC
:103190008DF8907006920A93EAE6022369E6DDF85C
:1031A00008B0012B00F02D82022B00F008822EA91E
:1031B00000E01146E20842EA4572E80804F007031D
:1031C00005461446303354EA050001F8013C01F18C
:1031D000FF32EED11BF0010F0A9200F0C382302BB8
:1031E00000F0E5830A9ACDF808B03023023902F8DE
:1031F000013C2EAB5B1A06930A91F8E1652F40F370
:10320000E58000220023DDE90C0105F073FF0028B2
:1032100000F00782229BCA4AC9F80020013301341A
:103220000122072BCDE92234C9F8042000F35D8484
:1032300009F108091B9B0E9A239C934203DB029B16
:10324000DD077FF5E9AE229B119AC9F800200F9A9D
:10325000C9F8042001331444072BCDE9223400F3CC
:103260005D8409F108090E9B5D1E002D7FF7D4AE29
:10327000102D229ADFF8D0B240F32D841026DDE91C
:10328000078705E009F10809103D102D40F323845C
:1032900001321034072ACDE92224C9E900B6F1DD54
:1032A00021AA4146384602F0D9FE00287FF41EAD1F
:1032B000DDE922240DF1B809E6E7059B039A9D1A82
:1032C000002D7FF790AE102D229ADFF87CB22BDD17
:1032D00058464B462146B146BB464FF01008DDE943
:1032E0000764074604E0103D102D03F1080315DDC7
:1032F00001321031072ACDE92221C3E90078F2DD3D
:1033000021AA3146204602F0A9FE00287FF4EEAC47
:10331000103D102DDDE922212EABE9DC4E46994609
:103320003B460C465F469B4601322C44072ACDE9BA
:103330002224C9E900B500F3E483069BF61A002EA7
:1033400009F108097FF754AE102E229ADFF8F8B180
:1033500027DD59462346BB461025DDE907480F46C1
:1033600004E0103E102E09F1080916DD0132103379
:10337000072ACDE92223C9E90075F2DD21AA2146F9
:10338000404602F06BFE00287FF4B0AC103E102ED9
:10339000DDE922230DF1B809E8DC1C463B465F4617
:1033A0009B4601323444072ACDE92224C9E900B6FC
:1033B00000F31A8209F108091AE621AADDE90710CB
:1033C00002F04CFE00283FF43BAE8FE40E9A229BA5
:1033D000012A04F1010403F1010509F1080640F393
:1033E000C78101230A9AC9F80020072DCDE922548C
:1033F000C9F8043000F31D820F9B119A01351C445B
:10340000072DCDE92254C6E9002300F31E820836B9
:103410006B1C1F46B8460E9F069300220023DDE971
:103420000C0106F10809013F05F064FE002840F098
:10343000B3810A9B776001333C44B8F1070F3360D6
:103440002394CDF8888000F3F28206F1100305F191
:1034500002084E469946129A726014441DABB8F1A8
:10346000070F2394CDF8888033607FF7D5AD21AA6C
:10347000DDE9071002F0F2FD00287FF437AC239C51
:103480000DF1B809C8E5102D229A2ADD49462046DB
:10349000B1464FF010082E461393DDE9075404E0BF
:1034A000103E102E01F1080116DD0132254B1030BF
:1034B000072ACDE92220C1E90038F1DD21AA2946F9
:1034C000204602F0CBFD00287FF410AC103E102EF9
:1034D000DDE922202EA9E8DC139B354604464E4642
:1034E0008946013217492C44072ACDE92224C9E92B
:1034F000001500F3AC8209F108094FE521AADDE9C6
:103500000710139302F0AAFD00287FF4EFAB239C71
:10351000139B0DF1B80953E521AADDE9071002F06C
:103520009DFD00287FF4E2AB239C0DF1B80956E520
:10353000102D229B27DD1026DDE907870BE000BF59
:1035400088C9000898C20008A8C20008103D102DC4
:1035500009F1080917DD0133CF4A1034072BCDE9F3
:103560002234C9E90026F1DD21AA4146384602F09D
:1035700075FD00287FF4BAAB103D102DDDE9223433
:103580000DF1B809E7DC0133C34A2C44072BCDE920
:103590002234C9E900257FF748AD21AADDE90710EB
:1035A00002F05CFD00287FF4A1AB239C3DE5012BDC
:1035B00000F01384022BDDF808B07FF4F8ADDDF8DD
:1035C00040C02EAA230904F00F0043EA057329091D
:1035D0001C460D461CF8003002F8013D54EA050374
:1035E000F0D12EAB9B1A0A92CDF808B00693069B39
:1035F000B342B8BF3346039300230B931CE4DDF8BA
:1036000008B0002D08BF0A2C80F08A8001233034D6
:1036100006930DF1B7038DF8B740CDF808B00A93C3
:10362000E5E71B9B002B40F321820E9B0B9A9342F4
:10363000A8BF1346002B1D460EDD229B0A9AC9F82F
:10364000002001332C44072B2394C9F80450229303
:1036500000F3E68309F108090B9B002DA8BF5B1B53
:10366000002B1D4600F3AA811B9A0E9B9A4280F202
:103670008381229B1199C9F800100F99C9F8041091
:1036800001330C44072B2394229300F3588309F150
:1036900008090B990E9B9142A3EB020380F2BF81B4
:1036A0001D46002D10DD229AC9F80450DDE90A10EC
:1036B000013201442C44072AC9F80010CDE9222424
:1036C00000F3BC8309F10809002DACBF5D1B1D464A
:1036D000002D7FF7A1AC102D229ADFF8C0B140F386
:1036E000FA811026DDE9078705E009F10809103D98
:1036F000102D40F3F08101321034072ACDE9222445
:10370000C9E900B6F1DD21AA4146384602F0A6FC1F
:1037100000287FF4EBAADDE922240DF1B809E6E7E1
:103720002EABCDF808A0C246B0461E4601E00446C6
:103730000D460A2200232046294605F04BFD303273
:1037400006F8012D00230A222046294605F042FDF5
:10375000002D08BF0A2CEAD232460A964646D046C9
:10376000DDF808A0CDF808B02EAB9B1A06933EE713
:10377000029AD1073FF535AE01220A99C9F8001027
:10378000072DCDE92254C9F8042000F3508103F13C
:10379000020809F110095EE6002F7FF75CAE102FDA
:1037A000DFF8F8B040F3DF8323464FF01008DDE97F
:1037B0000749069D05E00836103F102F40F30082B0
:1037C00001351033072DCDE92253C6E900B8F2DDEB
:1037D00021AA2146484602F041FC00287FF486AA2F
:1037E000DDE922532EAEE7E721AADDE9071002F05A
:1037F00035FC00287FF47AAA239C0DF1B809FFF765
:10380000F7BBE51722462B46002A73F10003BFF6EB
:103810008DAB4FF02D08644265EB45058DF8678050
:103820000123FFF72ABB0025FFF7CCBA5446FFF768
:10383000BCB921AADDE9071002F010FC00287FF4D2
:1038400055AADDE922542EAED6E521AADDE90710FE
:1038500002F004FC00287FF449AADDE922542EAED0
:10386000D6E52EAB0A93C2E6049A1046D117C3E9F7
:103870000001FFF76EB91BF0400F18BFA4B200257E
:103880000123FFF7F6BA1BF040031CBF1346A4B296
:103890000025FFF7EEBA00BF98C20008A8C20008D2
:1038A000DDE90C0102460B4605F056FC002840F00D
:1038B0003683741C27F0200500F0BE82472D00F0EF
:1038C000B280DDE90C014BF4807200290292C0F253
:1038D00022829DED0C7B8DED167B00231393662FCA
:1038E00000F08381462F00F08081452D00F0788222
:1038F0001FAA1CABCDE9003202211BAB32469DED65
:10390000160B089800F0DEFB672F0A90344640F053
:1039100075821BF0010F40F074821B9A1F9B0B9263
:103920000A9A472DA3EB02030E9340F0A1810B9B53
:10393000D81CC0F29C819E42C0F299810E9B194610
:103940000B9B994200F39C821BF0010F40F0FA821E
:1039500023EAE372039206936727139B002B00F080
:103960005A822D238DF867300026FFF769BA40424E
:1039700005900993FFF7F6B9029BD8073FF579AE9A
:103980000B990E9B8A42A3EB020348DD1D469BE682
:103990004021089801F0EEFA079B18601861002892
:1039A00000F0F182079A40235361FFF7C4B80A9AE6
:1039B000CDF808B02EAB9B1A069318E6102B229A6E
:1039C000DFF8C8B340F396811026DDE9078705E0EC
:1039D00009F10809103D102D40F38C81013210349B
:1039E000072ACDE92224C9E900B6F1DD21AA414622
:1039F000384602F033FB00287FF478A9DDE9222461
:103A00000DF1B809E6E70A9802F0BAFA2E46034625
:103A10000690FFF708BA049A1A60FFF79AB80E9A50
:103A20000B99551A3DE6002E08BF012649E721AA49
:103A3000DDE9071002F012FB00287FF457A9DDE949
:103A400022340DF1C00903F101082EAE03E521AACD
:103A5000DDE90710139302F001FB00287FF446A96B
:103A6000239C139B0DF1B809FFF798BA229AC44919
:103A7000C9F80010013201340121072ACDE92224BE
:103A8000C9F8041000F34E8109F10809002B5DD13B
:103A9000029B0E9A03F0010313433FF4BDAA229A3E
:103AA000119BC9F800300F9BC9F8043001321C4447
:103AB000072A2394229200F3558109F108090E9BED
:103AC0000A9901321C44072ACDE92224C9E90013CE
:103AD0007FF7A0AACBE401322C44072ACDE92224A7
:103AE000C9E900B57FF796AAC1E421AADDE907106C
:103AF00002F0B4FA00287FF4F9A80DF1B809FFF735
:103B000099BB21AADDE9071002F0A8FA00287FF48A
:103B1000EDA8239C0DF1B809FFF765BA21AADDE9EC
:103B2000071002F09BFA00287FF4E0A8239C0DF117
:103B3000B809FFF798BB062E334628BF0623069325
:103B40000393904B09940A93FFF712BA229A1199A2
:103B5000C9F800100F99C9F8041001320C44072A63
:103B60002394229200F3FE8009F10809002BA6DAC3
:103B70005D421033DFF814B280F2A6815F46102652
:103B8000DDF81C80DDF820B005E009F10809103DE2
:103B9000102D40F3988101321034072ACDE92224F8
:103BA000C9E90076F1DD21AA4146584602F056FAED
:103BB00000287FF49BA8DDE922240DF1B809E6E78F
:103BC0001C4605F1010806F108023C44B8F1070F54
:103BD0002394C6E900B7CDF888803FF728AF08F1F5
:103BE000010802F10809164635E41FAA1CABCDE90D
:103BF000003203211BAB32469DED160B089800F0F6
:103C000061FA0A900A9B1B78302B00EB060400F047
:103C100071811B9B1C4400220023DDE9160105F085
:103C200069FA002840F098801F9BA34206D23021F9
:103C30005A1C1F9219701F9B9C42F9D80A9A9B1A12
:103C40000E93472D1B9B0B933FF471AE662F0FD144
:103C50000B9A0BF00103002A43EA060340F3D480D9
:103C6000002B40F054810B9B0393069375E6023FB3
:103C70000B9B8DF874705A1E002A1B92B6BFC3F1BD
:103C800001022B232D23092A8DF8753040F38C80F7
:103C90000DF1830420463C4D01E008461A4685FBA1
:103CA0000231D317C3EBA10303EB8301A2EB410164
:103CB0003031632A00F8011C00F1FF31EDDC3033B4
:103CC000821EDBB2944201F8013C40F259810DF1B1
:103CD000760201E011F8013B02F8013B8C42F9D178
:103CE0000DF185030DF176021B1A13441DAA9B1AD0
:103CF000129361E001322C44072ACDE92224C9E95C
:103D000000B545DC09F10809AEE44FF02D088DF847
:103D10006780FFF7E9B901F1004317932D2316904F
:103D20001393DCE521AADDE9071002F097F90028DA
:103D30007EF4DCAF1B9B239C0DF1B809A6E621AAFB
:103D4000DDE9071002F08AF900287EF4CFAF1B9A54
:103D5000239C0DF1B8099CE423466FE78DF86710AA
:103D6000FFF70DBA21AADDE9071002F077F9002864
:103D70007EF4BCAF1B9BDDE922240DF1B809F5E60A
:103D800088C9000880C9000867666666A8C200087E
:103D900021AADDE9071002F061F900287EF4A6AF40
:103DA000239C0DF1B8095FE4302330328DF8763072
:103DB00004238DF8772012930E9A129B012A134444
:103DC000069340F3B980069B0F9A1344069323EAA7
:103DD000E373039300230B93BFE5DDF808B015E40C
:103DE0001FA91CAB741CCDE9003122461BAB02217C
:103DF0009DED160B089800F065F90A90472F3FF4E7
:103E000088AD0A9B1C4406E7002B40F0A4800123E8
:103E100003930693A1E59DF86780139EFFF70CB806
:103E200021AADDE9071002F019F900287EF45EAF3F
:103E3000239C0DF1B8090FE4062642E521AADDE92D
:103E4000071002F00BF900287EF450AF1B9B0E9A6E
:103E5000239CD31A0DF1B80936E40396069609940B
:103E60000646CDF808B00B909DF86780FEF7E4BFDA
:103E70008DF86710FFF7ECB88DF86710FFF705B9FC
:103E8000DDE90E3213440B9A0693002A06DC0B9BE5
:103E9000069AC3F101031A441346069223EAE37318
:103EA0000393672759E58DF86710FFF72CB88DF855
:103EB0006710FFF700B88DF86710FEF776BF8DF832
:103EC0006710FFF723B9BB4601322C44072ACDE91E
:103ED0002224C9E900B57FF7F0AD21AADDE907107A
:103EE00002F0BCF800287EF401AFDDE922240DF1D8
:103EF000B809E4E500220023DDE9160105F0FAF82F
:103F000000287FF486AEC6F101031B9382E60F9B67
:103F1000D3183344069323EAE37303931DE50D9B03
:103F20001D4A002BB6BF4FF02D089DF867808DF815
:103F300067801A4BFFF7DAB81BF001020B927FF48F
:103F400042AFE8E70B9B0F9A1344069323EAE3730F
:103F50000393672701E50F9B01333344069323EA5C
:103F6000E3730393F9E44A462FE6099B9AF801703C
:103F700053F8046B0993824646EAE676FEF721BEC3
:103F80000223129318E7089A0C2313604FF0FF33B3
:103F90000493FEF7B4BE00BF50C9000854C900081E
:103FA0002DE9F04F03690F69BB4283B0C0F28680F0
:103FB000013F01F1140600F1140A56F827305AF8AF
:103FC0002720BC000133009406EB04099A425444B4
:103FD000B2FBF3F801943AD300252A46B646D446FC
:103FE0005EF8044BDCF800301FFA84FB08FB0B552D
:103FF0004FEA154B240C08FB04B4ADB2551BA2B21A
:10400000C2EB134215FA83F302EB23429BB243EA5D
:104010000243F1454FEA14454CF8043B4FEA224273
:10402000DED2009B5AF803308BB9019A131F9A45D0
:104030000CD252F8043C4BB9A2F1080302E01A6812
:10404000043B1AB99A4507F1FF37F8D307610446D4
:1040500001F030FD00282DDB08F101085046002357
:1040600056F8041B05688AB29A1A0B0C12FA85F2EC
:10407000C3EB154303EB224392B242EA0342B1453C
:1040800040F8042B4FEA2343EAD25AF827200AEBE0
:1040900087037AB91A1F92450BD253F8042C42B900
:1040A000083B02E01A68043B1AB99A4507F1FF374A
:1040B000F8D32761404603B0BDE8F08F002003B07D
:1040C000BDE8F08F2DE9F04F57EC106B97B0056C01
:1040D000209C039182460A920793CDE9006755B16F
:1040E000426C6A6001239340AB60294601F072FA8A
:1040F0000023CAF840303E1EB4BF012300232360D2
:10410000754BBCBF26F000460196B34300F0AE806D
:104110009DED007B0022002351EC170B8DED047BFD
:1041200004F0E8FF054678B1079A01231360219B4C
:10413000002B00F01083694B219A1360013B02931E
:10414000029817B0BDE8F08FDDE9047814AA15A92C
:1041500048EC107B504601F0E1FD340D834640F001
:104160009B80DDE914542C4404F23243202B40F3AD
:10417000BA83C3F140039E40009B04F2124023FA2D
:1041800000F03043FDF732FFA1F1F8730121024640
:10419000013C0E91104619460022514BFDF7E8FDF7
:1041A00047A3D3E90023FDF79BFF47A3D3E90023EF
:1041B000FDF7E0FD064620460F46FDF727FF44A326
:1041C000D3E90023FDF78CFF02460B463046394603
:1041D000FDF7D0FD06460F4604F0D4FF00228146CD
:1041E00000233046394604F08FFF002840F0A682B5
:1041F0002C1BB9F1160F04F1FF3800F29382394BF2
:1042000003EBC903D3E90023DDE9040104F07CFFDB
:1042100000286DD00023B8F1000F09F1FF390D938C
:10422000C0F2868200230993B9F1000F66DA099B78
:10423000CDF81890A3EB09030993C9F100030C937F
:10424000039B092B4FF0000960D8052B40F34983ED
:10425000043B03930024039B023B032B00F2518693
:10426000DFE813F0680465043E045804079A42F23C
:104270000F731360009BC6F31306334318D1219BC1
:10428000002B00F03586184B02930833219A0298D0
:10429000136017B0BDE8F08FC8F3130141F07F53EE
:1042A0000E953A46A4F2FF3443F44013149D71E78F
:1042B000219B002B40F003840C4B029340E700BF8E
:1042C00061436F63A787D23FB3C8608B288AC63F1C
:1042D000FB799F501344D33F0000F07F89C9000849
:1042E0000000F83FC8C2000890C900088CC9000847
:1042F000B8F1000FC0F2BE840D90099000230C931A
:10430000039BCDF81890092BC8449ED900230124A3
:104310000393CDE90A344FF0FF3308930021089B43
:10432000CAF844100F93504601F02EF9029000286D
:1043300000F0F085029BCAF84030089B0E2B00F27B
:104340000A81002C00F007810699002940F3688457
:10435000B14B01F00F0203EBC20393ED007B0C1194
:10436000E2068DED107B40F10884AC4BDDE90401E1
:10437000D3E90823FDF7DEFFCDE9000104F00F04C7
:1043800003267CB1DDE91001A44DE30704D5D5E98E
:104390000023FDF7A5FE0136641005F10805F4D1F0
:1043A000CDE91001DDE90001DDE91023FDF7C2FFD1
:1043B000CDE900010D9B53B1DDE900450022984B8A
:1043C0002046294604F0A0FE002840F0278530460C
:1043D000FDF71CFEDDE90023FDF782FE914B002274
:1043E000FDF7C8FC089B0446A1F15075002B00F0B6
:1043F000FB83069B1293089B1093DDE90067394607
:10440000304604F0BFFE0090FDF700FE02460B466A
:1044100030463946FDF7ACFC7F4B009A0F461099A9
:10442000064603EBC1030B9802993032CDE90045F3
:10443000D5B24C1C53E90223002800F097840020D9
:104440007949FDF777FFDDE90023FDF791FC029B39
:1044500032461D703B46CDE9000104F073FE002892
:1044600040F0D48432463B4600206D49FDF780FC85
:1044700002460B46DDE9000104F064FE002840F02E
:104480003285109B012B62D0029ACDF840901344E4
:10449000CDF84C80DDE90089CDF800B0D3469A46CE
:1044A0000EE032463B4600205D49FDF761FC424686
:1044B0004B4604F029FE002840F0EE8454453FD0DE
:1044C000404649460022594BFDF70AFE0022574B51
:1044D0008046894630463946FDF702FE0F460646BD
:1044E00004F050FE0546FDF791FD02460B463046AE
:1044F0003946FDF73DFC3035EDB204F8015B42462C
:104500004B4606460F4604F0FFFD0028C9D0129B1B
:10451000DA460133DDF800B006935946504601F003
:1045200059F800232370079B1A46069B1360219BB2
:10453000002B3FF405AE02981C6017B0BDE8F08F69
:10454000DA46DDF84090DDF84C80DDF800B0DDE9BA
:104550000434CDE90034159B002BC0F2C680069AC6
:104560000E2A00F3C2802C4B03EBC203D3E900896F
:104570000A9B002B17DA089F002F14DC40F04D83B4
:1045800000222B4B40464946FDF7AAFDDDE90023FA
:1045900004F0CEFD002800F0C483089F3D460A9B2E
:1045A000029CDB435FE2DDE9004542464B46204684
:1045B0002946FDF7BFFE04F0E5FD06460090FDF735
:1045C00025FD42464B46FDF78BFD02460B46204635
:1045D0002946029C35463035FDF7CAFB069E04F895
:1045E000015B089D0136012D02460B46069652D00E
:1045F00000220E4BFDF774FD0022002306460F46F5
:1046000004F078FD002888D1CDF800B00125DDF850
:1046100020B0CDF80CA01AE0C8C20008B8C300084A
:104620000000F03F00001C400000E03F000024407C
:10463000000014400022B94BFDF752FD0022002378
:1046400006460F4604F056FD002840F060834246BF
:104650004B4630463946FDF76DFE04F093FD824629
:10466000FDF7D4FC42464B46FDF73AFD02460B46A9
:1046700030463946FDF77CFB01350AF13006AB4583
:1046800002460B4604F8016BD4D1DDF800B0CDF83A
:1046900000A0DDF80CA010461946FDF76BFB424662
:1046A0004B4606460F4604F04DFD60B942464B4668
:1046B0003046394604F01EFD00283FF42EAF009B23
:1046C000D9077FF52AAF14F8015C029A631E04E053
:1046D0009A4200F0C98313F8015D392D03F10104FA
:1046E000F6D06A1CD2B21A7017E70B9A002A38D09B
:1046F000039A012A40F35682089B5E1E0C9BB3422C
:10470000C0F235829E1B089B002BC0F20583099ADC
:1047100014461A44984409920121504601F05CF86D
:10472000054621E00123B8F1000F0D93BFF67AADE5
:10473000C4F1010309934FF0000875E54846FDF701
:1047400065FC32463B4604F0D5FC00287FF450ADB2
:1047500009F1FF394CE5724B0293029817B0BDE89E
:10476000F08F0C9E099C0B9D002C0CDDB8F1000F06
:1047700009DD4445099A2346A8BF4346D21A099247
:10478000E41AA8EB03080C9BD3B10B9B002B00F0A1
:104790008F81002E10DD29463246504601F0D8F8B0
:1047A0005A4601460546504601F02CF85946074640
:1047B000504600F00FFFBB460C9B9A1B40F07981DE
:1047C0000121504601F008F8B9F1000F074600F347
:1047D0009080039B012B40F3778100260120B9F1E3
:1047E000000F40F09180404410F01F0077D0C0F1DE
:1047F0002003042B40F38083C0F11C00099B034479
:10480000099304448044099B002B05DD59461A4650
:10481000504601F0E9F88346B8F1000F05DD39464E
:104820004246504601F0E0F807460D9B002B40F051
:104830002481089B002B40F3FB800B9B002B7FD136
:10484000069B01330693029CDDF82080012607E0D9
:10485000594600230A22504600F0C6FE0136834620
:1048600039465846FFF79CFBB04500F1300004F88C
:10487000010BEDDC03464FF000095946012250467A
:10488000009301F0B1F83946834601F013F900288E
:1048900014F8012C40F37881631E029904E09942D8
:1048A00000F08D8113F8012D392A03F10104F6D0AF
:1048B00001321A703946504600F08CFE002D3FF44C
:1048C0002CAEB9F1000F05D0A94503D0494650469A
:1048D00000F080FE2946504600F07CFE1DE61C20BC
:1048E0008CE70124B7E4C3F12006009B03FA06F02D
:1048F00048E401464A46504601F02AF8039B012B42
:10490000074640F3B98100263B6907EB830318692A
:1049100000F012FFC0F1200065E700BF0000244056
:1049200088C90008294600230A22504600F05CFE90
:104930000F9B002B054640F3CE82CDF818800893DC
:10494000002C00F30D81002E40F0CA81A846009B88
:104950000399029E03F001020B920A430A92089AFD
:10496000731E1A44099239465846FFF719FB294627
:104970000090584601F09EF842468146394650461E
:1049800001F0B4F8009BC26804463033002A41D1DC
:1049900001465846089301F08DF821460490504690
:1049A00000F018FE049A089B1AB90A99002900F031
:1049B0007A82B9F1000F06F10104C0F27481039903
:1049C00041EA09090B9951EA090100F06C81002ABA
:1049D00000F3A981099A3370B24200F0B0815946C0
:1049E00000230A22504600F0FFFD45458346294634
:1049F0004FF000034FF00A02504613D000F0F4FDD0
:104A00004146054600230A22504600F0EDFD2646A9
:104A10008046A8E701465046049300F0DBFD0122E2
:104A2000049BC6E700F0E0FD2646054680469AE76F
:104A3000039B022B40F38180089B002B7FF4AFADDA
:104A400039460522504600F0CFFD0146074658463C
:104A500001F030F800287FF7A2AD029C069B3122BE
:104A600004F8012B0133013339465046069300F018
:104A7000B1FD002D7FF42EAF4FE53946584601F0C9
:104A800019F80028BFF6D5AE594600230A22504631
:104A900000F0AAFD069B03F1FF380B9B8346002B19
:104AA0007FF440AF0F9B002B40F30A820893CAE6C5
:104AB0000C9A5946504600F04BFF834680E6A54BC2
:104AC00002930333FFF7E2BBDDE9001200297FF414
:104AD00084AEC2F31303002B00F0D980009E7DE664
:104AE00001230B930A9D002D49DD0F9508950021A8
:104AF000172DCAF844107FF716AC012204235B007F
:104B000003F11400A842114602F10102F7D9CAF8D4
:104B1000441008E401230B930A9B069A13440F9355
:104B20000133012B1D460893B8BF0125DFE70023A1
:104B30000B93F1E700230B93D4E70B9B002B7FF43F
:104B4000FFAE39465846FFF72BFA069A029C00F151
:104B500030030132069204F8013B4FF000098CE665
:104B600029462246504600F03FFF0546EBE60C9BE7
:104B70000C96F31A99440026C5E5022601E40123A8
:104B80000A930893FFF7CABB03D1009BDB073FF5ED
:104B900083AE631E01E013F8012D302A03F10104F6
:104BA000F9D087E60E9A002A00F0CF8003F2334353
:104BB000099A0C9E14461A4498440992ACE5069A48
:104BC00001320692029A3123137073E63046FDF7E4
:104BD0001DFADDE90023FDF783FA00225E4BFDF7A5
:104BE000C9F80446A1F1507500225C4BDDE90001D3
:104BF000FDF7BEF822462B4606460F4604F0A2FA01
:104C0000002840F08D80224605F1004330463946A9
:104C100004F07AFA00283FF49AAC00273D46BEE43F
:104C200000F0F980069B5C424D4B04F00F0203EB51
:104C3000C203D3E90023DDE90401FDF751FA241191
:104C4000CDE9000100F0E780464D00230226E7078A
:104C500005D5D5E90023FDF743FA01360123641099
:104C600005F10805F3D1002B3FF4A4ABCDE9000119
:104C7000FFF7A0BB0D905BE5009B002B7FF443AEDC
:104C8000DDE90012C2F31303002B7FF43CAE364E75
:104C90001640002E3FF4A2AD099B0133099308F1A1
:104CA000010801269AE50699002A01F10101069101
:104CB00012DD594601225046039300F095FE394615
:104CC000834600F0F7FE0028039B40F3DF80392B7A
:104CD00000F0D180009B3133A94633704546E9E5A9
:104CE0006968504600F050FC0446002800F0198125
:104CF0002B6902339A0005F10C010C30FDF758FCCA
:104D000021460122504600F06FFE80461FE6DDF886
:104D100000B0DDF80CA000E4DDE908239C1AFBE4F8
:104D200000273D4699E6069A392B02F101020692C8
:104D300000F0A1800133A94633704546BAE5069AD2
:104D40000132A9460692454697E5149BC3F1360306
:104D50002EE700BF8CC9000800001C400000144072
:104D6000C8C20008B8C300080000F07FDDE90001F8
:104D7000FDF7B6F9029B1D70109B012BCDE90001D8
:104D800023D0109B029ACDF840901344C146984618
:104D900000226D4B30463946FDF7A2F90F46064614
:104DA00004F0F0F90546FDF731F9303502460B46BF
:104DB00030463946FCF7DCFF04F8015B4445064603
:104DC0000F46E5D1C846DDF84090604B0022DDE992
:104DD0000001FCF7CFFF32463B4604F095F900286E
:104DE0004ED1DDE9002300205849FCF7C1FF3246CF
:104DF0003B4604F0A7F900283FF4A9AB00E01446B5
:104E000014F8013C302B04F1FF32F8D0129B01332F
:104E10000693FFF782BB0226FFF7CCBA089B002B54
:104E20003FF4D4AE0F9F002F7FF791AB0022464B8B
:104E300020462946FDF754F904460D46701CCDE97D
:104E40000045FDF7E3F822462B46FDF749F9404BB4
:104E50000022FCF78FFF069B1097013B0446A1F14F
:104E600050751293FFF7C9BA069A013206923122A1
:104E70001A70FFF752BB3922A946327045460BE53E
:104E8000129B0133069314F8015C1EE47FF424AFF7
:104E9000DA077FF521AF1AE7129B0133DA46069352
:104EA000DDF800B011E4069A392B02F101020692F6
:104EB00006F10104DFD0B9F1000F3FF70BAF0BE7AC
:104EC000039B022B02DCCDF818803AE60F9B089377
:104ED000CDF81880B0E5039B022BF7DC0F9BCDF8D3
:104EE000188008932CE5129B01330693FFF7EDBB66
:104EF000184B0293FFF724B93FF485ACC0F13C0096
:104F00007CE40024CAF844402146504600F03CFBB3
:104F1000029068B9104B114800224FF4D57101F08E
:104F20004FFE02460C4B0D4840F2EA2101F048FECC
:104F30004FF0FF330893029A0F930123CAF84020E1
:104F40000A940B93FFF707BB000024400000E03FEA
:104F500000001C4090C900089CC90008B0C90008A6
:104F6000F03070470048704738090020004870470B
:104F7000380900202DE9F04F01F10B05162D83B003
:104F8000064623D8102900F2B98000F0F9FA10255E
:104F900018230220CD4F3B44A3F108025C689442E1
:104FA00000F0B980636823F003032344D4E902517D
:104FB0005A68E96042F0010230468D605A6000F0A4
:104FC000E1FA0834204603B0BDE8F08F35F007055C
:104FD00000F19480A94200F2918000F0D1FAB5F579
:104FE000FC7FC0F09D816B0A00F08F80042B00F2E3
:104FF0007381AB0903F1390003F1380CC300B34FDF
:105000003B44A3F108015C68A14206D10CE0002AF0
:1050100080F22B81E468A14206D0636823F0030389
:105020005A1B0F2AF3DD60463C69DFF8A4C26445D1
:105030007CD0636823F003035A1B0F2A00F37E81A0
:10504000002AC7E904CC80F26F81B3F5007F80F0BD
:105050001A81DB08591C7A6857F83180C4F8088037
:105060004FF0010E9B100EFA03F307EBC10E134332
:10507000AEF10802E2607B6047F83140C8F80C40AE
:105080008210012494409C4256D81C4206D120F044
:10509000030064001C4200F10400FAD007EBC009D1
:1050A000CE468046DEF80C309E4507D120E1002A2E
:1050B00080F22781DB689E4500F01A81596821F053
:1050C00003014A1B0F2AF2DDD3E9028E5C1945F079
:1050D00001055D6042F00105C8F80CE03046CEF8ED
:1050E0000880C7E90444C4E902CC65605A500093C3
:1050F00000F048FA009B03F1080402E00C2333603F
:105100000024204603B0BDE8F08F4FF40073402028
:105110004FF03F0C73E7DC68A34208BF02307FF416
:1051200041AF3C69DFF8A8C1644582D17B68821039
:10513000012494409C42A8D9BC68636823F003080A
:10514000A84503D3A8EB05030F2B7EDCDFF8849181
:10515000D7F80824D9F80030013204EB080A2B44B0
:1051600000F0378103F580530F3323F47F6B2BF06E
:105170000F0B5946304600F0DBFE411C024600F0A2
:10518000F780824500F2F280D9F804105944C9F83A
:1051900004100B4600F05381D7F8081401311BBFEF
:1051A000A2EB0A0A5344C7F80824C9F8043012F0E5
:1051B000070300F01A81C3F108010A44C3F58051C6
:1051C00093440831A1EB0B01C1F30B0A5146304661
:1051D0000193009200F0ACFE421CDDE9002300F0D8
:1051E0005381831A03EB0A0BD9F80410BA604BF011
:1051F00001035144BC425360C9F8041000F02B81F4
:10520000B8F10F0F40F229816368A8F10C0020F07B
:10521000070003F0010304EB000C03434FF0050EFD
:105220000F286360CCE901EE00F235815368144623
:10523000D9F82C208A42D9F8302038BFC9F82C1070
:105240008A4238BFC9F8301094E0621943F0010374
:1052500045F0010565603046BA60536000F092F990
:105260000834204603B0BDE8F08F2344E1685A6853
:10527000A56842F00102E96030468D605A6000F096
:1052800081F908343DE75A0A042A69D9142A00F240
:10529000BE8002F15C01C9005B3207EB010E795858
:1052A000AEF1080E8E4500F097804A6822F00302A6
:1052B0009A4202D989688E45F7D1D1F80CE07B6813
:1052C000C4E9021ECEF80840CC60D9E638040020BC
:1052D00040040020B4090020142B59D9542B00F2AB
:1052E0009E802B0B03F16F0003F16E0CC30086E66A
:1052F00008F1010818F0030F0EF1080E7FF4D2AE8A
:1053000051E019441C464A68DB6854F8085F42F0D3
:1053100001024A603046EB609D6000F033F9F0E630
:10532000E80805F1080335E6234430465A6842F0A0
:1053300001025A60083400F025F9E2E6611945F0EF
:10534000010E42F00105C4F804E03046C7E904113B
:10535000C1E902CC4D60E25000F014F90834D0E607
:105360009A0902F13901C900383296E7BC4260D08F
:10537000BC68636823F0030BAB45ABEB050302D3BA
:105380000F2B3FF762AF304600F0FCF80024B8E680
:1053900003F15C0003F15B0CC30030E659F80839F7
:1053A0004B4540F0968010F0030F00F1FF30F5D12F
:1053B0007B6823EA04037B6064009C423FF6BCAE3A
:1053C0001CB9B9E6640008F104081C42FAD0404652
:1053D00064E603F1100BCCE67B6892104FF00108F5
:1053E00008FA02F213437B606AE702EB0B014942C1
:1053F000C1F30B0A514630460193009200F098FD2C
:10540000431CDDE900237FF4ECAE9A46ECE6542A17
:1054100026D81A0B02F16F01C9006E323DE7B3F5D1
:10542000AA7F26D8EB0B03F1780003F1770CC300B9
:10543000E5E5D9F804305B44C9F80430ACE6CAF3BA
:105440000B0000287FF4A8AE08EB0B03BC6843F008
:1054500001036360ECE61446EAE60123536092E739
:10546000B2F5AA7F21D8DA0B02F17801C9007732B0
:1054700013E740F25452934221D8AB0C03F17D0064
:1054800003F17C0CC300BAE5083B9B44ABEB020B79
:105490004FF0000AA8E604F10801304601F056FC7E
:1054A000BC68D9F804106368C2E640F254518A42DD
:1054B0000BD89A0C02F17D01C9007C32EDE64FF465
:1054C0007E737F204FF07E0C99E54FF47E717E2233
:1054D000E3E67B6870E700BF00000000000000000A
:1054E00001F0FF01102A2BDB10F0070F08D010F895
:1054F000013B013A8B422DD010F0070F42B3F6D199
:10550000F0B441EA012141EA014122F007047FF0B1
:1055100000070023F0E80256083C85EA010586EA08
:10552000010685FA47F5A3FA87F586FA47F6A5FA44
:1055300087F68EB9EED1F0BC01F0FF0102F0070250
:1055400032B110F8013B013A83EA010313B1F8D1FB
:105550000020704701387047002D06BF35460338DC
:10556000073815F0010F07D1013015F4807F02BF15
:10557000013015F4C03F0130F0BC0138704700BF66
:10558000704700BF704700BFC36C70B505460C463E
:105590004BB153F8240080B1026843F82420002363
:1055A000C0E9033370BD2122042101F02DFB034625
:1055B000E8640028EDD1002070BD012101FA04F655
:1055C000721D2846920001F01FFB0028F3D0C0E9AD
:1055D0000146E4E731B1C36C4A6853F82200086021
:1055E00043F82210704700BFF0B50C6983B00D4638
:1055F000064601F1140C0027DCF8000081B202FB22
:105600000133190C000C02FB00109BB2013703EBB5
:105610000043BC424CF8043B4FEA1043ECDC3BB186
:10562000AA68A24207DD05EB8402013453612C61B4
:10563000284603B0F0BD6968019330460131FFF799
:10564000A3FF019B0746B8B12A690193023205F115
:105650000C0192000C30FCF7ABFFF26C6968019B07
:1056600052F82100286042F821503D4605EB8402A3
:10567000013453612C61DBE70246024B0248B5213D
:1056800001F09EFA9CC90008E4C900082DE9F8431E
:10569000264C089E1D46083384FB034C092D4FEA17
:1056A000E373904607460C46C3EB6C0236DD0123DC
:1056B00000215B009A4201F10101FADC3846FFF754
:1056C00063FF68B30123B8F1090FC0E9043613DCA6
:1056D0000A344FF0090845450CDDA5EB08052544C3
:1056E00014F8013B0146303B0A223846FFF77CFFA5
:1056F000A542F5D1BDE8F88304F109094E464444BA
:1057000016F8013B0146303B0A223846FFF76CFF92
:10571000B442F5D1A8F108044C44DCE70021CDE700
:105720000246034B0348CE2101F04AFA398EE33892
:105730009CC90008E4C90008020C12040346CAB957
:105740000304102013F07F4F04BF1B02083013F036
:10575000704F04BF1B01043013F0404F04BF9B0087
:105760000230002B05DB13F0804F00F1010008BF71
:10577000202070470020E5E7036813F00702014688
:1057800007D0DA0720D4980722D55B080B600120E8
:10579000704798B2B0B91B0C102013F0FF0F04BF74
:1057A0001B0A08301A0704BF1B0904309A0704BFFC
:1057B0009B080230DA0703D45B0800F1010005D032
:1057C0000B6070471046E8E70020704720207047C4
:1057D0009B080B600220704710B50C460121FFF7B3
:1057E000D3FE024618B10123C0E9043410BD034BB7
:1057F00003484FF4A07101F0E3F900BF9CC9000811
:10580000E4C900082DE9F04F0E691769BE4283B064
:105810000C46154605DB3A462B4637460D461646DE
:105820001C46D5E9011307EB06084345B8BF013113
:10583000FFF7AAFE009000287FD0009B03F1140A16
:105840000AEB8809CA4505D25346002143F8041BD8
:105850009945FBD804F1140E0EEB860B05F11403E9
:10586000DE4503EB870753D2CDF80480984605E068
:10587000090C28D1F3450AF1040A47D95EF8041B44
:105880008EB2002EF4D045465446002355F8041B32
:1058900020688AB21FFA80FC06FB02C2090C000CC9
:1058A000134406FB010202EB13429BB243EA02439C
:1058B000AF4244F8043B4FEA1243E7D823605EF856
:1058C000041C090CD6D0DAF8003040461A4654467B
:1058D0004FF0000C0588120C01FB052294449BB28A
:1058E00043EA0C4344F8043B50F8043B22681B0C89
:1058F00095B201FB035303EB1C4387424FEA134C61
:10590000E8D8F34523600AF1040AB7D8DDF804802B
:10591000B8F1000F0BDD59F8043CA9F104091BB1E3
:1059200005E059F8043D13B9B8F10108F9D1009820
:10593000C0F8108003B0BDE8F08F0246024B034868
:1059400040F25D1101F03CF99CC90008E4C900086F
:1059500012F003032DE9F041144607462ED10D46FF
:10596000A4101CD0BE6C96B3E3074FF0000806D419
:10597000641014D03068A8B10646E307F8D5324663
:1059800029463846FFF73EFFB5B16A68FB6C6410E4
:1059900053F82210296043F822500546EAD12846E0
:1059A000BDE8F081324631463846FFF72BFF3060C4
:1059B000C0F800800646E0E70546D9E7013B094A02
:1059C00052F823200023FFF70FFE0546C8E740F2F8
:1059D00071213846FFF700FF0023B86406460360D4
:1059E000C2E700BFB8C200082DE9F8430E690D46B2
:1059F0004FEA6219D1E901134E44741C9C4290464F
:105A0000074604DD5B009C4201F10101FADC3846E7
:105A1000FFF7BAFD002842D0B9F1000F00F1140CD5
:105A20000EDD09F105094FEA890900EB090163461A
:105A3000002243F8042B8B42FBD1A9F11409CC447A
:105A4000296905F1140318F01F0803EB810E1DD01E
:105A5000C8F120090022196801FA08F111434CF835
:105A6000041B53F8042B734522FA09F2F3D3CCF844
:105A70000020002A18BF2646FB6C6A68066153F8AE
:105A80002210296043F82250BDE8F883ACF1040CE1
:105A900053F8042B4CF8042F9E45F9D8ECE7024646
:105AA000024B034840F2D91101F08AF89CC9000862
:105AB000E4C9000830B40B6905460069C01A10D16A
:105AC0009B001435143119442B4401E09D4208D247
:105AD00053F8044D51F8042D9442F7D003D24FF0FF
:105AE000FF3030BC7047012030BC70472DE9F843CF
:105AF00016460B691269A3EB0208B8F1000F0D46B8
:105B000067D1920001F1140706F11401BB1811448A
:105B100001E09F4261D253F8042D51F8044DA24296
:105B2000F7D050D36968FFF72FFD00285FD02F69A9
:105B30003369C0F80C8006F11402143505EB870CAC
:105B400002EB830E00F11406002100E0264652F815
:105B5000044B55F8048B1FFA84F911FA88F3210CD1
:105B6000A3EB0903C1EB184101EB234134469BB27F
:105B700043EA014396454FEA214144F8043BA846D5
:105B8000E4D8AC4516D9264658F8042B11FA82F30E
:105B9000191401EB12419BB243EA0143C44546F894
:105BA000043B4FEA2141EFD80CF1FF36761B26F07B
:105BB0000306264423B956F8043D013F002BFAD0D2
:105BC0000761BDE8F8832B464FF0010835461E46B5
:105BD000A8E7F8DB4FF00008A4E70021FFF7D4FCAA
:105BE00060B101220023C0E90423BDE8F883024626
:105BF000064B07484FF4107100F0E2FF0246034BDA
:105C0000034840F2322100F0DBFF00BF9CC90008CE
:105C1000E4C90008124B10EE902A1A40A2F150730A
:105C2000002B04DD0020194641EC100B70475B424D
:105C30001B15132B07DC4FF40022002042FA03F15E
:105C400041EC100B7047143B1E2BDABF4FF00042A3
:105C500022FA03F301230021184641EC100B704790
:105C60000000F07FF8B5046900F1140606EB840427
:105C700054F8045C2846FFF75FFDC0F120030A28B2
:105C80000B60A4F1040131DD8E42A0F10B001AD2A9
:105C900054F8081C10B3C0F12007854021FA07F31F
:105CA0001D4345F07F53A4F10805AE4201FA00F010
:105CB00043F4401303D254F80C1CF9400843024645
:105CC00043EC102BF8BD40B105FA00F040F07F53D3
:105CD000002043F440130246F2E7014645F07F53AB
:105CE00043F440130A4643EC102BF8BD8E42C0F13A
:105CF0000B0738BF54F8081C25FA07FC00F1150003
:105D00004CF07F5334BFF940002105FA00F043F412
:105D1000401340EA010243EC102BF8BD2DE9F0439B
:105D2000884683B00121154657EC106BFFF72CFC19
:105D30000446002850D0C7F30A59C7F31303B9F13A
:105D4000000F01D043F48013002E019325D0684644
:105D50000096FFF711FD00283AD0DDE90013C0F1ED
:105D6000200203FA02F20A43C34001936261002B4E
:105D700014BF02210121A3612161B9F1000F17D0E5
:105D8000A9F2334909EB0003C0F13500C8F800302F
:105D90002860204603B0BDE8F08301A8FFF7ECFCC3
:105DA000019B6361012120302161B9F1000FE7D12E
:105DB00004EB8103A0F23240C8F800001869FFF735
:105DC000BBFCC0EB41102860204603B0BDE8F08367
:105DD000DDE900236261CAE70246034B034840F253
:105DE0000A3100F0EDFE00BF9CC90008E4C90008BC
:105DF0002DE9F04383B0884669468146FFF732FFBC
:105E0000404601A955EC104BFFF72CFFDDE90013CC
:105E1000D9F81020D8F81000CB1A121A03EB42134D
:105E2000002B57EC106B0DDD05EB03594D46324648
:105E30003B4620462946FCF77DFA41EC100B03B0A7
:105E4000BDE8F083C3EB033307EB03510F46EEE7E6
:105E50001728D0B504460CDD0A490B4F0020002658
:105E600032463B46FCF73CF9013CF9D141EC100BC2
:105E7000D0BD064B03EBC004D4E9040141EC100B88
:105E8000D0BD00BF0000F03F00002440B8C20008B1
:105E900070B414694E1E02F11403761103EB8401F1
:105EA00001368B4200EB86060CD2041F53F8045BCC
:105EB00044F8045F9942F9D88B1A153B23F0030389
:105EC00004331844864204D9002340F8043B864238
:105ED000FBD870BC704700BF03694A11934210B4ED
:105EE00000F1140410DA04EB83039C421ED253F831
:105EF000040C043B18B115E053F8042D92B99C42F0
:105F0000FAD35DF8044B704704EB8203EDDD11F02A
:105F10001F01EAD054F8220020FA01F202FA01F13E
:105F20008842E2D001205DF8044B70470020E8E78A
:105F300038B5074C002305460846236005F0CAF92A
:105F4000431C00D038BD2368002BFBD02B6038BD2C
:105F5000480C0020000000000000000000000000CD
:105F60000000000000000000000000000000000031
:105F70000000000000000000000000000000000021
:105F800090F800F06DE9024520F007016FF0000C79
:105F900010F0070491F820F040F049804FF0000421
:105FA0006FF00700D1E9002391F840F000F10800FC
:105FB00082FA4CF2A4FA8CF283FA4CF3A2FA8CF334
:105FC0004BBBD1E9022382FA4CF200F10800A4FA9B
:105FD0008CF283FA4CF3A2FA8CF3E3B9D1E90423EF
:105FE00082FA4CF200F10800A4FA8CF283FA4CF326
:105FF000A2FA8CF37BB9D1E9062301F1200182FAE0
:106000004CF200F10800A4FA8CF283FA4CF3A2FAE5
:106010008CF3002BC6D0002A04BF04301A4612BAF3
:10602000B2FA82F2FDE8024500EBD2007047D1E9F6
:10603000002304F00305C4F100004FEAC50514F085
:10604000040F91F840F00CFA05F562EA05021CBF56
:1060500063EA050362464FF00004A9E72DE9F04F1B
:10606000936883B09046002B6DD017688D68824688
:106070000C460868083743E0A38913F4906F2ED0CC
:10608000D4E9041505EB4505A0EB010B05EBD5752F
:106090000BEB06006D100130A8422A4684BF05466E
:1060A0002A465B0536D511465046FEF763FF0028A9
:1060B0003AD05A4621690190FCF77AFAA289019BED
:1060C00022F4906242F08002A281A5EB0B0203EB66
:1060D0000B00656123612060A2603546B3465A46D5
:1060E000494600F07BFFD8F80830A2682068551BAD
:1060F00058449E1BA5602060C8F808601EB308378E
:1061000057E90296AB46002EF9D0AE42B4D23546DE
:10611000B346E4E7504600F0C9FF03460028D4D157
:106120002169504600F012FE0C23CAF80030A38902
:10613000002243F040034FF0FF30A381C8E9012261
:1061400003B0BDE8F08F0020C8F8040003B0BDE83C
:10615000F08F00BF2DE9F04F92468A89ABB014064C
:1061600004910393059003D50B69002B00F0B884CC
:1061700000230893CDE90E3301931AAB0D939B4690
:106180009AF80030002B00F0C180252B00F07E84AF
:10619000554603E0252B00F0AB8025466B786C1C40
:1061A000002BF7D1B4EB0A0600F0B080DDE90E3227
:1061B00001333244072BCBF800A0CBF80460CDE9C3
:1061C0000E3200F39A800BF1080B019A6B7832447F
:1061D0000192002B00F09A804FF0000300218DF80F
:1061E0002F306378084689460F4604F1010A4FF0C4
:1061F000FF380AF1010AA3F12002582A00F2748242
:10620000DFE812F0DF0072027202DA00720272023C
:106210007202720272027202CF00CA007202C500DC
:10622000AC007202A70098009800980098009800AF
:10623000980098009800980072027202720272022E
:1062400072027202720272027202720244027202DC
:10625000720272027202720272027202720272029E
:1062600072026700720272027202720272025900B6
:1062700072027202E301720272027202720272020E
:10628000720272027202720272026A013D017202AD
:106290007202720238013D01720272022B01720217
:1062A00031026900F80126017202060172025B00E8
:1062B00072027202E70047F01007B906039B40F133
:1062C0000682073323F00703F3E802450393012313
:1062D0009EE147F0100717F0200300F0EE81039BCA
:1062E000073323F00703F3E80245039300238FE10C
:1062F000B4EB0A063FF470AF58E70DAADDE90410CD
:10630000FFF7ACFE48B90DF1680B5EE70F9B23B1B8
:10631000059804990DAAFFF7A1FE049B9B8913F031
:10632000400F019B18BF4FF0FF33019301982BB032
:10633000BDE8F08FA3F130024FF000091AF8013BDD
:1063400009EB890902EB4909A3F13002092AF5D9C1
:1063500051E747F080079AF800304AE7544614F8AE
:10636000013B2A2B00F01784A3F13002092AA24630
:106370004FF000083FF63FAF1AF8013B08EB8808E2
:1063800002EB4808A3F13002092AF5D933E79AF85D
:10639000003047F004072CE79AF8003001212B2049
:1063A00027E7039A9AF8003052F8049BB9F1000FDE
:1063B000C0F2B48303921CE747F001079AF800305B
:1063C00017E79AF8003000287FF413AF012120204E
:1063D0000FE7002940F0D083C14A0892BE06039A15
:1063E00040F1FC80073222F00702F2E802450392F6
:1063F000F90740F1898154EA050200F085813022D5
:106400008DF8313047F002078DF830200223FFE08D
:10641000039C54F8046B4FF000038DF82F30002ECE
:1064200000F09083B8F1FF3F00F04E834246002118
:106430003046FFF755F8002800F09383831BCDE921
:1064400002349DF82F30009706934FF00008FFE0CC
:1064500047F020079AF80030CBE69AF800306C2B12
:1064600003BF9AF8013047F020070AF1010A47F00C
:106470001007BEE647F040079AF80030B9E6002959
:1064800040F08083BA06039B40F10981073323F073
:1064900007031946F1E80223039114461D46002A1A
:1064A00073F10003C0F2D9829DF82F300693B8F142
:1064B000FF3F00F0BA8227F08003009354EA0503FF
:1064C00040F0B282B8F1000F40F049834FF000086D
:1064D000CDF808801AAEBBE0039B53F8042B8DF86F
:1064E00040200125CDE902534FF000018DF82F1017
:1064F00010AE00974FF00008009B13F002030693C4
:10650000009B18BF023513F08403DDE90E120793D8
:1065100004D1A9EB0504002C00F3DC819DF82F4089
:1065200001F1010C0BF1080094B101320DF12F07BC
:106530000124BCF1070FCDE90EC2CBE9007400F3D2
:1065400001828F1C0BF1100461468346BC46204635
:10655000069B7BB102320CA90223BCF1070FCDE9E7
:106560000EC2CBE9001300F3FD81614683460CF1B6
:10657000010C0830079B802B00F0F280029BA8EBF7
:106580000307002F00F33481029BCDF838C01A4472
:10659000BCF1070F0F92CBE9006300F36B81009B06
:1065A0005B0704D5A9EB0504002C00F3EB81019BEC
:1065B000A945ACBF4B445B190193002A40F081818F
:1065C00000230E930DF1680BDAE5002940F0DD821F
:1065D000444A0892BE06039A3FF504AF52F8044BB2
:1065E0000392FD0600F12F82780640F12C82A4B2BE
:1065F0000025FDE6039B53F8044B039347F6300256
:10660000374B0893ADF8302047F0020700250223EE
:106610004FF000028DF82F2000220692B8F1FF3FC4
:1066200075D027F08002009254EA05026ED1B8F1CD
:10663000000F40F0DD81002B7FF448AF17F001031D
:10664000029300F0268230238DF867300DF1670643
:10665000029B4345B8BF43461D46069B002B3FF4B3
:106660004BAF013548E7002940F08382039ABD060D
:1066700052F8043B039200F12082FC0600F13D82B7
:10668000780640F13A82019A1A8079E5002940F0B3
:10669000768247F01007BA06039B3FF5F7AE53F832
:1066A000044B0393FB0600F1D0817E0640F1CD81BF
:1066B00024B2E51722462B46F1E6039A52F8044B22
:1066C000039217F0100200F0F1810025A0E753F8C3
:1066D000044B0393FA0640F1E3810025012397E779
:1066E0006CC9000858C90008002940F03582002B09
:1066F0003FF40CAE01258DF840304FF000038DF8CB
:106700002F30029510AEF4E6022381E7009F012BA3
:1067100000F08B81022B00F072811AA900E0314653
:10672000E20842EA4572E80804F007030546144609
:10673000303354EA050201F8013C01F1FF36EED195
:10674000FA0740F1B980302B00F0B68030230239CF
:1067500006F8013C1AAB5B1A009702930E4677E7E6
:10676000A9EB0507002F7FF709AF102FCA4C40F3A4
:106770000F82069658461023D346049EAA46059DCE
:1067800004E0103F102F00F1080017DD0131103236
:106790000729CDE90E12C0E90043F2DD0DAA31460A
:1067A0002846FFF75BFC00287FF4B7AD103F102FA1
:1067B000DDE90E121AA84FF01003E7DC069E5546DD
:1067C0000131DA4600F1080383463A4407290F9263
:1067D000CBE900470E9100F3A58103F108009B4629
:1067E000029BA8EB0307002F01F1010C7FF7CCAE51
:1067F000102FA94C40F3AE81069658462646D34644
:106800004FF01008AA46059C049D04E0103F102F8D
:1068100000F1080015DD013110320729CDE90E1213
:10682000C0E90068F2DD0DAA29462046FFF716FCF4
:1068300000287FF472AD103F102FDDE90E121AA868
:10684000E9DC3446069E554601F1010CDA4600F1BA
:10685000080383463A44BCF1070F0F92CBE9004787
:10686000CDF838C000F302810CF1010C03F10800EF
:106870009B4689E60DAADDE90410FFF7EFFB00282F
:106880007FF44BAD0F9A1AA889E61AAE01E00446D0
:106890000D460A2200232046294602F09BFC303296
:1068A00006F8012D00230A222046294602F092FC18
:1068B000002D08BF0A2CEAD21AAB9B1B009702934B
:1068C000C6E60DAADDE90410FFF7C8FB00283FF477
:1068D00077AE22E5102C714F28DD0996584610231B
:1068E000D346049EAA46059D04E0103C102C00F1FE
:1068F000080017DD013110320729CDE90E12C0E979
:106900000073F2DD0DAA31462846FFF7A7FB0028E9
:106910007FF403AD103C102CDDE90E121AA84FF0E5
:106920001003E7DC099E5546DA46834601312244CE
:106930000729CDE90E12CBE9007400F3E2800BF1D8
:10694000080BEBE50DAADDE90410FFF787FB002833
:106950007FF4E3ACDDE90E121CA801F1010C0DF18E
:10696000680BF5E50DAADDE90410FFF777FB0028B9
:106970007FF4D3ACDDE90E121CA801F1010C0DF17E
:10698000680BF7E5102C0E9B444F1EDD1026DDE949
:1069900004B804E0103C102C00F1080015DD0133B0
:1069A0001032072BCDE90E32C0E90076F2DD0DAAD8
:1069B00059464046FFF752FB00287FF4AEAC103C2E
:1069C000102CDDE90E321AA8E9DC01332244072B32
:1069D000CDE90E32C0E900747FF7E9AD0DAADDE91B
:1069E0000410FFF73BFB00287FF497AC0F9ADEE51D
:1069F000012B00F0B480022B009F7FF48EAE08982C
:106A00001AAE230904F00F0143EA05732A091C4654
:106A10001546435C06F8013D54EA0503F1D11AAB73
:106A20009B1B0097029313E6009F002D08BF0A2CC2
:106A3000BFF42BAF303401238DF8674000970293E9
:106A40000DF1670604E60025D2E4E51722462B4641
:106A5000002A73F10003BFF627AD2D2364428DF8A1
:106A60002F30069365EB45050123D7E50DAADDE937
:106A70000410FFF7F3FA00287FF44FACDDE90E3283
:106A80001CA803F1010C0DF1680B7DE55446FFF7DE
:106A9000A3BB1AAEDCE500BFF0C30008E0C30008EA
:106AA0007B0648BFA4B200250123B1E517F04003DF
:106AB0001CBF1346A4B20025AAE5019A1046D117BF
:106AC000C3E90001FFF75CBB304603940097FFF772
:106AD00057FA9DF82F30029006934FF00008B7E563
:106AE0004021FEF747FA049B1860186100285DD02A
:106AF000049A40235361FFF73BBB019A1A60FFF7EA
:106B00003FBB0DAADDE90410FFF7A8FA00287FF4C7
:106B100004ACDDE90E120DF1680BFFE4C9F10009C8
:106B2000039236E40DAADDE90410FFF797FA002876
:106B30007FF4F3ABDDE90E121CA801F1010C0DF19D
:106B4000680B1BE54546062D28BF0625CDE90254F6
:106B50001A4ECEE403467DE68DF82F00C7E5009F70
:106B600068E79DF82F300693CDE9028400978046B0
:106B70006EE58DF82F0079E58DF82F002CE48DF867
:106B80002F0086E58DF82F007CE48DF82F001FE59F
:106B90000346614619E6039D9AF8013055F8042B27
:106BA0000395A24642EAE278FFF723BB059A0C233D
:106BB00013604FF0FF330193FFF7B8BB80C90008A3
:106BC00000B50A4C2668054685B01C46F06852B1EF
:106BD000074B0091CDE9013206492B46224600F0D1
:106BE00051F801F019FB044B1A46F2E708000020A7
:106BF00018CA000828CA0008D8C7000808B51346F4
:106C00000022FFF7DDFF00BF10B502FB01F1FEF728
:106C1000B1F9044668B150F8042C22F00302043A9A
:106C2000242A18D8132A06D802460023C2E90033C2
:106C30009360204610BD00231B2AC0E900330FD902
:106C4000242AC0E9023312BF00F11002C0E9043364
:106C500000F11802E9E70021FBF744FD204610BDD2
:106C600000F10802E1E700BF0CB400B583B004AB4B
:106C700053F8042B019300F015FC03B05DF804EB0E
:106C800002B070470EB410B583B005AB064C53F894
:106C9000042B01930146206800F004FC03B0BDE81A
:106CA000104003B0704700BF08000020F8B5244F23
:106CB0000C460646FEF764FCBB685D68C4F57E6161
:106CC0000F3125F00305294421F47F6121F00F01E4
:106CD000A1F58054B4F5805F07DB00213046FFF753
:106CE00027F9BB682B44984204D03046FEF74AFC93
:106CF0000020F8BD61423046FFF71AF901300DD08F
:106D0000104BBA6819682D1B45F001053046091B68
:106D100055601960FEF736FC0120F8BD00213046B1
:106D2000FFF706F9BA68831A0F2BDEDD064C05491A
:106D3000246843F00103001B53600860D5E700BFDF
:106D400038040020B80900204008002000295ED047
:106D5000F8B50F460646FEF713FC57F804CC754D00
:106D60002CF00103A7F10800C218A96854689142E9
:106D700024F0030400F084801CF0010F546002EB47
:106D8000040133D157F808EC4968A0EB0E0005F177
:106D9000080C87686745734401F0010160D0D0F8A2
:106DA0000CE0C7F80CE0CEF80870002900F08D80E8
:106DB00043F0010141601360B3F5007F30D2DB087E
:106DC000591C6C689A1001239340234305EBC102C0
:106DD00055F831406B60083AC0E9024245F831008D
:106DE000E0603046BDE8F840FEF7CCBB4968C90713
:106DF0000ED4234405F1080C9168614543F0010469
:106E00006BD0D268CA6091604460C350D4E77047C9
:106E100043F00101B3F5007F47F8041C1360CED3A3
:106E20005A0A042A46D89A0902F13907FF0002F1EA
:106E30003801EC19EA59083C944255D0516821F0C8
:106E40000301994202D992689442F7D1D468C0E90B
:106E50000224A060D0603046BDE8F840FEF792BB47
:106E6000002962D1D2E90221234443F00104D16018
:106E70008A604460C3503046BDE8F840FEF782BBEC
:106E80001CF0010F234407D157F8082C801A134433
:106E9000D0E90212CA609160274A126843F00101EA
:106EA0009A424160A8609CD8244B30461968FFF78D
:106EB000FDFE96E7142A0AD9542A1DD81A0B02F1AE
:106EC0006F07FF0002F16E01B3E7234494E702F17C
:106ED0005C07FF0002F15B01ABE7C5E90400C0E914
:106EE00002CC4460C3507CE76B688910012707FA25
:106EF00001F119436960AAE7B2F5AA7F06D8DA0B57
:106F000002F17807FF0002F1770192E740F2545155
:106F10008A4206D89A0C02F17D07FF0002F17C013B
:106F200087E74FF47E777E2183E743F001014160DC
:106F3000136056E73804002044080020B4090020FC
:106F400042B110B50B4910461446FBF72DFC18B999
:106F5000094810BD0848704707492046FBF724FC44
:106F60000028F5D020460549FBF71EFC0028EFD08D
:106F7000002010BD5CCA000858CA0008D8C7000825
:106F8000014B93F82801704748080020024B0A463D
:106F900001461868FFF7D4BF0800002010B4034C66
:106FA000D4F8E440A4465DF8044B6047480800204C
:106FB00082B049B15AB16BB113780B601278101CD2
:106FC00018BF012002B0704701A9002AF3D1104672
:106FD00002B070476FF00100F4E700BF8842F0B4E0
:106FE0000DD98B1883420AD9841832B1224613F87E
:106FF000014D02F8014D9942F9D1F0BC70470F2ABA
:107000000ED80346541E002AF7D001340C44013B2D
:1070100011F8012B03F8012FA142F9D1F0BC704700
:1070200040EA01039B073BD1A2F110073F0901F1A0
:10703000200606EB071601F1100300F1100453F8C7
:10704000105C44F8105C53F80C5C44F80C5C53F88A
:10705000085C44F8085C53F8045C44F8045C1033A2
:10706000B34204F11004EAD17B1C1B0112F00C0F97
:10707000194402F00F05034415D0043DAD0803EB9D
:10708000850C1C1F0E4656F8047B44F8047F6445AB
:10709000F9D10135AD002B44294402F00302B1E7D8
:1070A000541E0346B1E72A46ACE700BF2DE9F84F6E
:1070B0001746002900F0BB8007F10B0481460D46FE
:1070C000FEF75EFA162C5ED810242246A7425FD83F
:1070D00055F804EC2EF00306A5F10808964208EBDB
:1070E000060A80F28180CB4BDAF80400996851459A
:1070F00000F0B58020F0010353445B68DB0700F12A
:107100008A8020F003003318934280F212811EF02F
:10711000010F0FD155F8083CA8EB030BDBF8041066
:1071200021F0030108448319934280F216817318F9
:10713000934234DA39464846FDF71CFF0746E0B172
:1071400055F8043C23F001034344A0F108029342A4
:1071500000F0F780321F242A00F2FB80132A2968EE
:1071600000F2C98003462A46196051685960926846
:107170009A6029464846FFF7E9FD4846FEF702FABD
:107180003846BDE8F88F24F00704002C22469DDA2B
:107190000C23C9F8003000273846BDE8F88F5F4659
:1071A000DBF80C1057F8080F321F242AC1600BEBD4
:1071B000030A886000F2D980132A296840F2D3803C
:1071C000CBF808106968CBF80C101B2AA96800F2EC
:1071D000E0800BF110020835116069685160A96800
:1071E00091601E46D8463D46D8F80430321B0F2A1F
:1071F00003F0010320D83343C8F80430DAF8043030
:1072000043F00103CAF8043048462F46FEF7BAF9A6
:107210003846BDE8F88F1EF0010F8BD155F8083CB9
:10722000A8EB030BDBF8041021F003017FE7114604
:10723000BDE8F84FFDF79EBE08EB0401234342F082
:107240000102C8F804304A60DAF8043043F0010360
:107250000831CAF804304846FFF778FDD4E720F03B
:107260000300311804F1100C61454FDA1EF0010FD4
:107270007FF460AF55F8081CA8EB010BDBF8041095
:1072800021F00301084400EB060AD4453FF74FAF55
:107290005F46DBF80C1057F8080F321F242AC16034
:1072A000886000F29980132A296840F29380CBF815
:1072B00008106968CBF80C101B2AA96800F29280AC
:1072C0000BF110020835116069685160A96891607E
:1072D0000BEB0401AAEB040242F0010299604A6040
:1072E000DBF8043003F001031C434846CBF80440AC
:1072F000FEF748F950E701606B6843601B2A3CD8F1
:1073000005F1080200F10803A9682DE708EB040065
:107310000A1B42F001029860426055F8043C03F0F9
:1073200001031C43484645F8044CFEF72BF92F4651
:1073300032E7DAE902121E46CA6008EB030A9160DE
:1073400052E750F8043C23F003031E4408EB060AFE
:107350004AE72946FFF742FE0BE7DAE902125F46E9
:10736000CA6091601CE73A4636E7294638461E4611
:10737000D846FFF733FE3D4636E7AB688360EB68DF
:10738000C360242A11D005F1100200F1100329690D
:10739000EAE6CBF81010E968CBF81410242A0ED0D6
:1073A00029690BF11802103516E72B6903616B6927
:1073B0004361A96905F1180200F11803D4E62A69AE
:1073C000CBF818206A69CBF81C20A9690BF12002C0
:1073D000183501E73A4676E729463846FFF7FEFDBD
:1073E0000C4B75E7CBF81010E968CBF81410242A81
:1073F00004D029690BF11802103564E72A69CBF82B
:1074000018206A69CBF81C20A9690BF120021835F5
:1074100059E700BF380400202DE9F84F4B6E9C045B
:1074200093462DD59368126843B30E46074602F182
:10743000080959E9025A5FEA9A0815D0043D002468
:1074400001E0A0450ED0324655F8041F384601F041
:107450000BF9431C04F10104F3D10023CBE9013300
:10746000BDE8F88FDBF808302AF0030AA3EB0A0323
:10747000CBF8083009F10809002BDAD10020ECE73D
:1074800001F026F90023CBE90133BDE8F88F00BFF6
:10749000936803B1C0E710B4184653605DF8044B1D
:1074A000704700BF2DE9F04FABB01C468A469046AE
:1074B000CDE9043018B1836B002B00F0FF82BAF9DC
:1074C0000C108AB290040AD4DAF8643041F4005205
:1074D00023F40053AAF80C20CAF8643092B21107C2
:1074E00040F1CA80DAF81030002B00F0C58002F0BD
:1074F0001A020A2A00F0CE8000230893CDE90E3349
:1075000002931AAB0D939B4698F80030002B00F0C5
:10751000DF80252B00F01C85454603E0252B00F07D
:10752000C68025466B786C1C002BF7D1B4EB08069F
:1075300000F0CE80DDE90E3201333244072BCBF868
:107540000080CBF80460CDE90E3200F3B5800BF17A
:10755000080B029A6B7832440292002B00F0B8803C
:107560004FF0000300218DF82F3063780391084617
:107570000F4604F101084FF0FF3908F10108A3F1AB
:107580002002582A00F29D82DFE812F0F9009B02E7
:107590009B02F4009B029B029B029B029B029B02AC
:1075A000E900E4009B02DF00C6009B02C100B200BC
:1075B000B200B200B200B200B200B200B200B2003B
:1075C0009B029B029B029B029B029B029B029B02D3
:1075D0009B029B0228029B029B029B029B029B0236
:1075E0009B029B029B029B029B0267009B029B02E9
:1075F0009B029B029B0259009B029B0213029B026F
:107600009B029B029B029B029B029B029B029B0292
:107610009B02840157019B029B029B02520157016E
:107620009B029B0245019B026E0269003F024001E2
:107630009B0220019B025B009B029B02010147F021
:107640001007BA06049B40F12282073323F0070398
:10765000F3E8024504930123E5E147F0100717F032
:10766000200300F02182049B073323F00703F3E893
:10767000024504930023D6E15146059800F064FDCD
:10768000002840F0F484BAF80C2002F01A020A2A0A
:107690007FF432AFBAF90E30002BFFF62DAF234640
:1076A00042465146059800F001FD02901CE0B4EB03
:1076B00008063FF455AF3DE7002A00F00F840DAAFD
:1076C00051460598FFF7A8FE48B90DF1680B40E751
:1076D0000F9B23B105980DAA5146FFF79DFEBAF8FE
:1076E0000C305B0600F1C38402982BB0BDE8F08F2C
:1076F000A3F13002002418F8013B04EB840402EBF0
:107700004404A3F13002092AF5D9039437E747F07E
:10771000800798F8003030E7444614F8013B2A2BE4
:1077200000F0AA84A3F13002092AA0464FF0000914
:107730003FF625AF18F8013B09EB890902EB49092F
:10774000A3F13002092AF5D919E798F8003047F07B
:10775000040712E798F8003001212B200DE7049A66
:1077600098F8003052F8044B0394002CC0F21584B2
:10777000049202E747F0010798F80030FDE698F818
:10778000003000287FF4F9AE01212020F5E6002921
:1077900040F05B84C24A0892B806049A40F1128114
:1077A000073222F00702F2E802450492FE0740F198
:1077B000988154EA050200F0948130228DF831302E
:1077C00047F002078DF8302002232CE1049C54F886
:1077D000046B4FF000038DF82F30002E00F007846B
:1077E000B9F1FF3F00F0DE834A4600213046FDF745
:1077F00077FE002800F01984831B01939DF82F3039
:107800000494009706934FF00009AFE147F020077A
:1078100098F80030B1E698F800306C2B03BF98F868
:10782000013047F0200708F1010847F01007A4E6EF
:1078300047F0400798F800309FE6002940F00184A7
:10784000BA06049B40F1D380073323F0070319469F
:10785000F1E80223049114461D46002A73F1000347
:10786000C0F249839DF82F300693B9F1FF3F00F035
:10787000148327F08003009354EA050340F00C833F
:10788000B9F1000F40F0CF834FF00009CDF804901C
:107890001AAE6BE1049B012553F8042B8DF84020B0
:1078A0004FF000018DF82F100493019510AE009752
:1078B0004FF00009009BDDE90E2C13F00203069344
:1078C000009B18BF0235501C13F084030146079338
:1078D00004D1039B5C1B002C00F324829DF82F40F5
:1078E0000BF108007CB10CF1010C0DF12F04012209
:1078F0000729CDE90E1CCBE9004200F3F3810A46CB
:10790000834601310830069BE3B10CF1020C0CAA4E
:1079100002230729CDE90E1CCBE9002340F3FC81AB
:10792000BCF1000F00F0FD820DAA51460598FFF74B
:1079300073FD00287FF4D3AEDDE90E2C1CA8511C8A
:107940000DF1680B079B802B00F01B81019BA9EBBD
:107950000307002F00F37281019A0E9113466344CE
:1079600007290F93CBE900620CDD002B00F0238286
:107970000DAA51460598FFF74FFD00287FF4AFAEE2
:107980000F9B1AA8009A520704D5039A541B002C87
:1079900000F31A82DDE90221A942ACBF5218521944
:1079A0000292002B40F0908100230E930DF1680BA2
:1079B000AAE5002940F052833A4A0892B806049A90
:1079C0003FF5EEAE52F8044B0492F90600F19C82AA
:1079D0007A0640F19982A4B20025E7E6002940F03A
:1079E0002D8347F01007BA06049B3FF52DAF53F8DF
:1079F000044B0493FE0600F176827D0640F173820B
:107A000024B2E51722462B4627E7049B53F8044B84
:107A1000049347F63002224B0893ADF8302047F02C
:107A20000207002502234FF000028DF82F200022CC
:107A30000692B9F1FF3F57D027F08002009254EA36
:107A4000050250D1B9F1000F40F00982002B7FF4FC
:107A50001BAF17F00103019300F07D8230238DF8F6
:107A600067300DF1670681E0002940F0F282049A48
:107A7000BC0652F8043B049200F18282F80600F141
:107A8000AA82790640F1A782029A1A803CE553F84F
:107A9000044B0493FE0640F16D8200250123C2E7EA
:107AA0006CC9000858C90008049A52F8044B0492A3
:107AB00017F0100200F057820025B4E700F060FDD7
:107AC000FDE4002940F0AC82002B3FF401AE01251B
:107AD0008DF840304FF000038DF82F30019510AE37
:107AE000E5E602239FE7009F012B00F0D681022BE1
:107AF00000F0BC811AA900E03146E20842EA457272
:107B0000E80804F0070305461446303354EA05023A
:107B100001F8013C01F1FF36EED1F80722D5302BF8
:107B200020D03023023906F8013C1AAB5B1A0097CB
:107B300001930E461AE01AAE01E004460D460A22F1
:107B400000232046294601F045FB303206F8012D7E
:107B500000230A222046294601F03CFB002D08BFE5
:107B60000A2CEAD21AAB9B1B00970193019B4B4551
:107B7000B8BF4B461D46069B002B3FF49BAE01351C
:107B800098E6039B5F1B002F7FF7E0AE102FC04CE1
:107B900040F36A826346DC46AB462546059C06E018
:107BA000901C0CF1080C0A46103F102F1EDD511CD2
:107BB0001033102007290F93CCF80050CCF80400A4
:107BC0000E91EDDD0DAA51462046002B00F0858078
:107BD000FFF722FC00287FF482ADDDE90E23103F81
:107BE000102F02F101000DF1680CE0DC2C465D461F
:107BF000E3469C460BF10803BC440728CDF83CC083
:107C0000CBE900470E9040F3A881BCF1000F00F0D3
:107C1000F8810DAA51460598FFF7FEFB00287FF476
:107C20005EAD019BDDE90E2CA9EB0307002F02F1ED
:107C300001011CA80DF1680B7FF78EAE102F944C3C
:107C400040F3DD8163464FF01009DC46AB46254624
:107C5000059C06E0911C0CF1080C0246103F102F09
:107C600019DD501C103307280F93CCE900590E90F2
:107C7000F0DD0DAA514620460BB3FFF7CDFB0028DF
:107C80007FF42DADDDE90E23103F102F02F101012D
:107C90000DF1680CE5DC2C465D46E3469C460BF195
:107CA0000803BC440729CDF83CC0CBE900470E913E
:107CB00000F30181013103F108009B464CE60121EC
:107CC0001A460DF1680CC9E70DAA51460598FFF751
:107CD000A3FB00283FF468AE01E501201A460DF130
:107CE000680C61E7BCF1000F00F010810DAA51464D
:107CF0000598FFF791FB00287FF4F1ACDDE90E2C2D
:107D00001CA8511C0DF1680BFDE502230CAACDE95E
:107D10001A239C461CA8012183460A46511C0BF1DC
:107D200008000FE6102C5B4F40F3968109965946E8
:107D30001023C3466646A846059D07E002F1020EE1
:107D400008310246103C102C1ADD501C1036072852
:107D50000F96C1E900730E90F0DD0DAA514628463A
:107D600026B3FFF759FB00287FF4B9ACDDE90E26F6
:107D7000103C102C02F1010E1AA94FF01003E4DCA4
:107D8000B446099E4546D8468B46A444BEF1070F2B
:107D9000CDF83CC0CBE90074CDF838E000F3C780E3
:107DA0000BF1080B0EF10101724697E532464FF0D8
:107DB000010E1AA9C6E7009A0E93510747D5039AF8
:107DC000541B002C43DD1AA8102C0E99314F40F3A0
:107DD00048811026DDF8149006E001F1020C08300D
:107DE0001146103C102C18DD4A1C1033072A0F9343
:107DF000C0E900760E92F0DD0DAA514648460BB35D
:107E0000FFF70AFB00287FF46AACDDE90E13103C93
:107E1000102C01F1010C1AA8E6DC2344BCF1070F79
:107E20000F93C0E90074CDF838C07FF7B3AD73B1DC
:107E30000DAA51460598FFF7EFFA00287FF44FACE2
:107E40000F9BA7E54FF0010C19461AA8C9E7DDE919
:107E50000232AA42ACBF9B185B190293A4E5012B26
:107E600000F0E180022B009F7FF444AE08981AAE28
:107E7000230904F00F0143EA05732A091C4615463D
:107E8000435C06F8013D54EA0503F1D16AE600BF00
:107E900010C4000800C40008009F002D08BF0A2C71
:107EA000BFF449AE303401238DF867400097019349
:107EB0000DF167065AE6BCF1000F00F090800DAAA4
:107EC00051460598FFF7A8FA00287FF408ACDDE9D1
:107ED0000E1C1CA801310DF1680B3DE50E920DF151
:107EE000680BFFF736BBE51722462B46002A73F1D5
:107EF0000003BFF6B7AC2D2364428DF82F300693F4
:107F000065EB4505012394E500254FE4069B002B16
:107F10003DD002230CA9CDE91A139C460DF1700B3C
:107F2000FCE61CA8012162460DF1680B0AE5BCF1D4
:107F3000000F43D00DAA51460598FFF76DFA0028AF
:107F40007FF4CDABDDE90E2C0DF1680B511CC5E4BF
:107F50004446FFF705BB1AAE08E6411C02469B46A5
:107F600003F10800F2E417F040031CBF1346A4B26B
:107F7000002558E57D0648BFA4B20025012352E53F
:107F8000029A1046D117C3E90001FFF7BDBA1146A6
:107F90001CA862460DF1680BD4E46442CDE90342AB
:107FA000FFF7D5BB304604940097FDF7E9FF9DF835
:107FB0002F30019006934FF00009D7E59DF82F2050
:107FC0002ABB069B002B7FF4A0AE62461CA80121B1
:107FD0000DF1680BBAE4029A1A60FFF795BA019B9B
:107FE0001B9301220F931A960E921CA8CAE44D46C9
:107FF000062D28BF062501950494254E57E4034617
:108000004FE61CA8012162460DF1680B9EE4012297
:108010000DF12F001A9094461B9211461CA86EE495
:108020008DF82F0050E5009F3CE79DF82F30CDF8EC
:108030000490069304940097814697E58DF82F00ED
:10804000CFE48DF82F00FFF7FBBB8DF82F00FFF773
:10805000A1BB8DF82F000AE5864696E68DF82F0025
:10806000AAE401F1010CD8E603460846C4E54FF046
:10807000FF330293FFF738BB049D98F8013055F8A1
:10808000042B0495A04642EAE279FFF776BA00BFD6
:1080900080C9000810B4044C13460A460146206803
:1080A0005DF8044BFFF7FEB908000020F0B50C4660
:1080B000ADF26C4D8989666EE589199621F0020151
:1080C000666AADF80E500025E769ADF80C10099608
:1080D00006951AAE4FF4806569460096049602959F
:1080E000059507970646FFF7DDF9051E07DB3046C5
:1080F000694600F03FF9002818BF4FF0FF35BDF882
:108100000C305B0603D5A38943F04003A3812846C6
:108110000DF26C4DF0BD00BF10B4034CD4F8E0403C
:10812000A4465DF8044B60474808002049B1FF2A87
:1081300002D80A70012070478A2303604FF0FF3095
:1081400070470846704700BF38B5324B1B6805467C
:108150000C460BB19A6B12B3B4F90C2093B218070A
:1081600025D5206900282DD013F0010207D06369BE
:1081700000225B42A361A26038B1002038BD99079C
:1081800058BF6269A2600028F7D1B4F90C301A0612
:10819000F4D543F04003A3814FF0FF3038BD1846BB
:1081A00000F0EEF9B4F90C2093B21807D9D4D9062F
:1081B00028D5580712D4206942F00803A3819BB246
:1081C0000028D1D103F42072B2F5007FCCD028462C
:1081D000214600F07FFCA3892069C5E7216B51B1DE
:1081E00004F14003994204D02846FEF7AFFDB4F9EC
:1081F0000C200023236300232069636022F0240203
:108200002060D9E742F0400209232B604FF0FF3095
:10821000A28138BD0800002008B5062000F030FD1E
:10822000012003F083F800BFB1F90C309AB22DE9B8
:10823000F0410C461107804648D4626843F400635D
:10824000002AA3815DDDA56A002D57D000229BB2D4
:10825000D8F80060E169C8F8002013F4805254D1C6
:1082600001234046A847431C66D0A389A56AE1695B
:108270005F0705D56268236B801A0BB1E36BC01AE8
:10828000024600234046A847451C48D1D8F80020A4
:10829000B4F90C30002A5CD01D2A01D0162A64D112
:1082A00022690021C4E9002123F40063A381216B2A
:1082B000C8F8006011B304F14003994202D040466F
:1082C000FEF744FD00202063BDE8F0812669AEB1D1
:1082D0002568266091070CBF63690023AD1BA3606E
:1082E0000AE02B463246676AE1694046B8470028F3
:1082F000A5EB000506440ADD002DF2DC0020BDE8F8
:10830000F081E26B002A9EDCF8E7206DB0E7A389DC
:1083100043F04003A3814FF0FF30BDE8F081B4F992
:108320000C302269226023F4006300226260DA04C8
:10833000A381BCD52065BAE7D8F80030002B94D0D3
:108340001D2B0FD0162B0DD0A38943F04003A38122
:10835000D5E723F400632169A381DB04C4E900129B
:10836000A5D5E7E7C8F80060C8E743F04003A3815C
:10837000C5E700BF10B5044682B008B1836B23B1D6
:10838000B1F90C0048B902B010BD019100F0F8F845
:108390000199B1F90C000028F5D0204602B0BDE8E3
:1083A0001040FFF741BF00BF20B1054B01461868E0
:1083B000FFF7E0BF034B0449186800F033BB00BF70
:1083C0000800002094C20008758300080020704750
:1083D000014900F027BB00BF0D8F00082DE9F84FC1
:1083E00045682C4BC3630024074600F53B72042309
:1083F0000321C0E9B912C0F8E0422146EB6005F163
:108400005C006C66C5E90044AC60C5E90444AC613D
:108410000822FAF767F9DFF888B0BE68DFF884A0B1
:10842000DFF88490DFF884801B4BC5F82C80C5E909
:10843000075BC5E909A92146F360082206F15C0043
:108440007466C6E90044B460C6E90444B461FAF74E
:1084500049F9FD68114BC6F82C80C6E9076BC6E9DF
:1084600009A92146EB606C66C5E90044AC60C5E92A
:108470000444AC6105F15C000822FAF733F90123EA
:10848000C5E9075BC5E909A9C5F82C80BB63BDE850
:10849000F88F00BFD183000809000100120002001C
:1084A000F18C0008198D0008598D0008798D00089D
:1084B0000020704770B54A1E682505FB02F50E4680
:1084C00005F17401FCF756FD044640B100210C3063
:1084D000666005F168022160A060FAF703F92046A2
:1084E00070BD00BF1F4B70B51D68AB6B06464BB32C
:1084F00005F53875D5E90134013B05D51EE0013B92
:108500005A1C04F1680419D0B4F90C20002AF6D1E1
:108510000025154B6566C4E90055A560C4E90455FE
:10852000A5612946E360082204F15C00FAF7DAF855
:10853000C4E90C55C4E91155204670BD2C682CB116
:108540002546D7E72846FFF749FFD1E70421304603
:10855000FFF7B0FF044628600028F1D10C233360F8
:10856000EAE700BF94C200080100FFFF024B034985
:10857000186800F057BA00BF94C200080D8F0008B9
:10858000836B03B1704729E7704700BF704700BF96
:10859000704700BF704700BF024B0349186800F0E6
:1085A0001BBA00BF08000020CD830008024B03491E
:1085B000186800F011BA00BF08000020B18400085C
:1085C0002DE9F04782B0804689461446FEF7D8FC74
:1085D000012803D109F1FF33FE2B36D94A4604F1B5
:1085E0005C0301A9404600F02BFC421C064632D039
:1085F00030B39DF804C000250DF1040A09E023689A
:108600005A1C226083F800C00135B54218D215F813
:108610000AC0A368013B002BA360F0DAA769BB4244
:1086200061462246404602DBBCF10A0FE7D100F06A
:10863000A7FB431CE8D10646304602B0BDE8F087F0
:108640004E46304602B0BDE8F0875FFA89FC064628
:108650008DF804C0CFE7A389304643F04003A381DF
:1086600002B0BDE8F08700BFB2F90C3013F4005F30
:108670000BD110B4546E43F4005344F400545466C8
:1086800093815DF8044BFFF79BBFFFF799BF00BFD5
:108690000E4B70B51D6806460C460DB1AB6B8BB129
:1086A000B4F90C309A0406D4626E43F4005342F4D9
:1086B0000052A3816266224631462846BDE87040DA
:1086C000FFF77EBF2846FFF75BFFE9E708000020C1
:1086D0009368002B00F002812DE9F04FB1F90C30C6
:1086E0009BB20C46190783B08246904635D5226965
:1086F0009AB313F00202D8F800603DD00027D4F8F6
:1087000024B0D4F81CC0DFF8CC923D464D452B4632
:108710003A4628BF4B4661465046D5B1D847002857
:1087200040F3D280D8F808301B1A07442D1AC8F835
:108730000830002B00F0B780D4F81CC0D4F824B067
:108740004D452B463A4628BF4B4661465046002DC4
:10875000E4D1D6E900750836D8E721465046FFF740
:10876000F3FC002840F03081B4F90C30D8F80060F8
:108770009BB213F00202C1D113F0010940F0B080A6
:10878000A76820684D46002D54D09A0540F1BC8062
:10879000AF42BB4600F2E78013F4906F2FD0D4E9CC
:1087A000041707EB4707A0EB010B07EBD777681C13
:1087B0007F105844B8423A4684BF07463A465B05A4
:1087C00040F1E98011465046FCF7D4FB002800F048
:1087D000F5805A4621690190F9F7EAFEA289019BCA
:1087E00022F4906242F08002A281A7EB0B0203EB1D
:1087F0000B00676123612060A2602F46AB465A469A
:108800004946FEF7EBFBA2682368D21B5B442F4668
:10881000A26023600025D8F80830DB1BB944C8F8F3
:108820000830002B3FD0B4F90C30A76820689BB209
:10883000002DAAD1D6E900950836A4E70BF108036C
:1088400053E902679B460833002FF9D03A460A21C4
:108850003046FCF745FE002853D00130A0EB060956
:108860004B46D4E904122068BB4228BF3B468842ED
:1088700003D9A5681544AB4219DC9A427DDC134646
:10888000656AE16932465046A847051E1CDDB9EB12
:1088900005096BD00120D8F808305B1B2E447F1BE4
:1088A000C8F8083013BB002003B0BDE8F08F314694
:1088B0002A46FEF793FB23682B442360214650464B
:1088C000FFF758FD0028E2D0B4F90C3043F0400324
:1088D0004FF0FF30A38103B0BDE8F08F0020704758
:1088E00033469146104617464E469B46002FA5D06C
:1088F0000028B5D13A460A213046FCF7F1FD0028A0
:10890000ABD17B1C9946ACE72369834215D36169DF
:10891000A94212D82E4B676A9D4294BF2B466FF036
:1089200000434A4693FBF1F3504601FB03F3E16930
:10893000B847071EC8DDED1B6DE7AF4228BF2F46C5
:108940003A464946FEF74AFBA3682268DB1B3A44D5
:10895000A3602260002BEED121465046FFF70AFDAE
:108960000028E8D0B0E72F46AB4648E721465046FE
:10897000FFF700FD00288ED0A6E71A463146019386
:10898000FEF72CFB019BA1682268C91A1A44A1605A
:1089900022601D467BE75046FEF788FB0346002811
:1089A0007FF423AF21695046FEF7D0F9B4F90C30BB
:1089B0000C2223F08003CAF8002087E70C23CAF8B2
:1089C0000030B4F90C3081E74FF0FF306CE700BFA6
:1089D000FEFFFF7F00FCFF7F2DE9F04110F53877A7
:1089E0001BD088460026D7E90154013D0FD4A38946
:1089F000012B05F1FF3506D9B4F90E3001332046BD
:108A000001D0C04706436B1C04F16804EFD13F68F6
:108A1000002FE8D13046BDE8F0813E463046BDE843
:108A2000F08100BF2DE9F84310F538771FD0884654
:108A300006464FF00009D7E90154013D11D4A3893E
:108A4000012B05F1FF3508D9B4F90E300133214669
:108A5000304602D0C04749EA00096B1C04F16804A3
:108A6000EDD13F68002FE6D14846BDE8F883B9460E
:108A70004846BDE8F88300BF70B50C46B1F90E104A
:108A8000002996B015461E4614DB6A4600F08AFAA5
:108A900000280FDB019A02F47042A2F50052B2FAEC
:108AA00082F252094FF480634FF4006032602B6011
:108AB00016B070BDA289002312F08000336004D08C
:108AC000402218462A6016B070BD4FF480632B60B8
:108AD00016B070BD8A8992070B4606D501F1430294
:108AE00001211A60C3E90421704770B582B001AB5F
:108AF0006A460C460646FFF7BFFF0099054630461A
:108B0000FCF738FAB4F90C3070B11649F163019AE8
:108B10000099206043F08003A381C4E904018AB96D
:108B20002B43A38102B070BD9A05FBD423F003034D
:108B300004F1430243F002030121A3812260C4E94E
:108B40000421EFE73046B4F90E1000F03FFA10B9F7
:108B5000B4F90C30E4E7A38923F0030343F00103E5
:108B60001BB2DDE7D183000810B580210446FCF775
:108B700001FAC4F8DC0240B1031F00227C3043F844
:108B8000042F8342FBD1002010BD4FF0FF3010BDF9
:108B9000D0F8DC320BB100207047E5E71F2970B533
:108BA000054609D8D0F8DC3216460C464BB153F8CE
:108BB000240043F8246070BD162202604FF0FF309D
:108BC00070BDFFF7D1FF10B9D5F8DC32EFE74FF0F9
:108BD000FF3070BD1F2938B522D8D0F8DC220546F9
:108BE0000C466AB152F8213053B1012B16D0591CF2
:108BF00010D00025204642F824509847284638BD1A
:108C0000284600F073F8224601462846BDE8384061
:108C100000F058B816230360012038BD002038BD8D
:108C2000162303604FF0FF3038BD00BF1F2923D843
:108C300038B5D0F8DC3205460C4683B153F8242011
:108C400003EB84034AB1511C11D0012A0DD0002539
:108C500020461D609047284638BD012038BDFFF7EB
:108C600083FF30B9D5F8DC32E8E7032038BD0220B5
:108C700038BD4FF0FF3038BD4FF0FF30704700BFB8
:108C8000024B01461868FFF7A5BF00BF080000208F
:108C9000024B0A4601461868FFF780BF0800002013
:108CA000034B1868D0F8DC320BB1002070475BE74B
:108CB00008000020024B01461868FFF7B7BF00BF4D
:108CC0000800002038B50B46074C054611461846EB
:108CD0000023236002F02CFB431C00D038BD236826
:108CE000002BFBD02B6038BD480C002002F024BBC9
:108CF00010B50C46B1F90E1000F090F9002803DB16
:108D0000236D0344236510BDA38923F48053A381FD
:108D100010BD00BF002070472DE9F0411646B1F9A3
:108D20000C201F46D3050C460546B1F90E1009D498
:108D300022F48052A2813B4632462846BDE8F041EB
:108D400000F0BCB80022022300F052F9B4F90C2064
:108D5000B4F90E10ECE700BF10B50C46B1F90E10D7
:108D600000F046F9A389421C0EBF23F4805343F45C
:108D700080532065A38110BDB1F90E1000F0B4B886
:108D8000F8B50D461446064610B1836B002B43D050
:108D9000B4F90C20A369A36091B208071BD523691D
:108DA000CBB1EDB289042F4622D522686169D31A6E
:108DB000994229DD0133A168501C0139A16020606E
:108DC000157062699A422AD0A389DB0701D50A2D62
:108DD00025D03846F8BD21463046FFF7B5F920BB0F
:108DE000B4F90C20236991B2EDB289042F46DCD48A
:108DF000616E42F4005221F40051A2812268616642
:108E00006169D31A9942D5DC21463046FFF7B2FAA0
:108E100058B922680123CEE7FFF7B2FBB8E7214635
:108E20003046FFF7A7FA0028D3D04FF0FF37D0E73E
:108E3000024B0A4601461868FFF7A2BF080000204F
:108E4000F0B50B4C85B00646D4F8E0401F4621B182
:108E5000A047431C06D005B0F0BD0A4601A9A047B3
:108E6000431CF8D100228A233A60336005B0F0BD7C
:108E70004808002070B50F4B0F4CD3F8E060246811
:108E800084B0154640B10A462B4601462046B047FD
:108E9000431C08D004B070BD02462B4601A92046F1
:108EA000B047431CF6D100228A232A60236004B015
:108EB00070BD00BF480800200800002070B50D46B6
:108EC000084C114606461A4628460023236002F045
:108ED0000FFA431C00D070BD2368002BFBD0336019
:108EE00070BD00BF480C002038B5074C0023054674
:108EF0000846236002F00CFA431C00D038BD2368FA
:108F0000002BFBD02B6038BD480C002070B539B168
:108F100005460C4608B1836B83B3B4F90C3013B922
:108F20000026304670BD21462846FFF77DF9E36AEA
:108F3000064633B1E169284698470028B8BF4FF08C
:108F4000FF36A3891B0620D4216B41B104F14003F5
:108F5000994202D02846FDF7F9FE00232363616C95
:108F600021B12846FDF7F2FE00236364FFF70CFBF6
:108F70000023A381FFF70AFB304670BDFFF700FB1B
:108F8000B4F90C30002BCBD0CDE721692846FDF792
:108F9000DDFED9E7024B01461868FFF7B7BF00BFF7
:108FA0000800002038B50B46074C05461146184608
:108FB0000023236002F0B0F9431C00D038BD2368C1
:108FC000002BFBD02B6038BD480C002038B5074C77
:108FD000002305460846236002F0A4F9431C00D094
:108FE00038BD2368002BFBD02B6038BD480C002017
:108FF00070B50D46084C114606461A462846002311
:10900000236002F091F9431C00D070BD2368002B4F
:10901000FBD0336070BD00BF480C002070B50D461A
:10902000084C114606461A4628460023236002F0E3
:109030006DF9431C00D070BD2368002BFBD033605A
:1090400070BD00BF480C00204FF0FF3C06E000BFA1
:109050004FF0010C02E000BF4FF0010C4DF804CDC1
:109060004FEA410C7FEA6C5C4FEA430C18BF7FEA81
:109070006C5C1BD001B050EA410C0CBF52EA430CAF
:1090800091EA030F02BF90EA020F0020704710F12F
:10909000000F91EA030F58BF994208BF90422CBFBE
:1090A000D8176FEAE37040F0010070474FEA410CB7
:1090B0007FEA6C5C02D150EA013C07D14FEA430CD5
:1090C0007FEA6C5CD6D152EA033CD3D05DF8040B46
:1090D000704700BF8446104662468C461946634678
:1090E00000E000BF01B5FFF7B7FF002848BF10F14F
:1090F000000F01BD4DF808EDFFF7F4FF0CBF012094
:1091000000205DF808FB00BF4DF808EDFFF7EAFF0F
:1091100034BF012000205DF808FB00BF4DF808EDCA
:10912000FFF7E0FF94BF012000205DF808FB00BFBF
:109130004DF808EDFFF7CEFF94BF012000205DF849
:1091400008FB00BF4DF808EDFFF7C4FF34BF012056
:1091500000205DF808FB00BF4FEA410C7FEA6C5C21
:1091600002D150EA013C0AD14FEA430C7FEA6C5C21
:1091700002D152EA033C02D14FF0000070474FF099
:10918000010070474FEA410212F5001215D211D5C5
:109190006FF47873B3EB625212D94FEAC12343F0F4
:1091A000004343EA505311F0004F23FA02F018BF76
:1091B000404270474FF00000704750EA013005D13F
:1091C00011F0004008BF6FF0004070474FF0000002
:1091D000704700BF53B94AB9002908BF00281CBF17
:1091E0004FF0FF314FF0FF3000F06EB9ADF1080CD9
:1091F0006DE904CE00F006F8DDF804E0DDE90223B5
:1092000004B070472DE9F047089D04468C46002BBA
:1092100040F083808A42174647D9B2FA82F242B1BF
:10922000C2F1200024FA00F09140974040EA010C7E
:1092300094404FEA1748230CBCFBF8F61FFA87FE50
:1092400008FB16C143EA014306FB0EF1994209D916
:10925000FB1806F1FF3080F01981994240F2168127
:10926000023E3B445B1AA4B2B3FBF8F008FB103398
:1092700044EA034400FB0EFEA64509D93C1900F15F
:10928000FF3380F00581A64540F2028102383C445C
:1092900040EA0640A4EB0E0400261DB1D440002392
:1092A000C5E900433146BDE8F08702B9FFDEB2FAF6
:1092B00082F2002A50D1CB1B4FEA174E1FFA87F8D3
:1092C0000126B3FBFEFC210C0EFB1C3341EA0341DB
:1092D00008FB0CF38B4207D979180CF1FF3002D24E
:1092E0008B4200F2E9808446C91AA3B2B1FBFEF0BA
:1092F0000EFB101143EA014408FB00F8A04507D912
:109300003C1900F1FF3302D2A04500F2D980184683
:10931000A4EB080440EA0C40BFE78B4209D9002DBA
:1093200000F0B1800026C5E9000130463146BDE8B5
:10933000F087B3FA83F6002E4AD18B4202D38242E1
:1093400000F2B880841A61EB030101208C46002DE5
:10935000A8D0C5E9004CA5E7C2F1200320FA03F626
:10936000974001FA02F04FEA174ED9403043030C00
:10937000B1FBFEF61FFA87F80EFB161143EA014314
:1093800006FB08F1994204FA02F409D9FB1806F128
:10939000FF3C80F08D80994240F28A80023E3B443F
:1093A0005B1A81B2B3FBFEF00EFB103341EA0341BE
:1093B00000FB08F38B4207D9791800F1FF3C73D208
:1093C0008B4271D902383944CB1A40EA064678E715
:1093D000C6F1200C03FA06F422FA0CF31C4320FA1F
:1093E0000CF701FA06F34FEA144E21FA0CF11F4371
:1093F0003B0CB1FBFEF91FFA84F80EFB191143EA8E
:10940000014109FB08FA8A4502FA06F200FA06F35E
:1094100008D9611809F1FF3048D28A4546D9A9F127
:1094200002092144A1EB0A01BFB2B1FBFEF00EFB21
:10943000101147EA014700FB08F8B84507D9E719BA
:1094400000F1FF312ED2B8452CD90238274440EA2A
:109450000940A7EB0807A0FB02894F45C6464946CD
:109460001AD317D05DB1B3EB0E0267EB010707FA11
:109470000CFCF2404CEA0202F740C5E90027002646
:109480003146BDE8F0872E4628460BE70646E9E65A
:109490001846FDE64345E5D2B8EB020E69EB040140
:1094A0000138DFE70846D2E760468DE78146B9E735
:1094B000664675E730464AE7ACF1020C394413E7DB
:1094C00002383C4424E700BF704700BF30B58DB080
:1094D0002C22002101A8F9F705F9114B19695A69E5
:1094E000D8681D685C6804910592996893F82420F7
:1094F00093F82530039001A8CDE909230695079438
:10950000089101F015FE20B9064801F0CFFB0DB01F
:1095100030BD0146044801F0D7FB0DB030BD00BF9F
:10952000F409002024C5000840C5000810B50D4806
:109530000D4C01F0BBFB4FF080430C48A361C821E8
:1095400000F08CFC28B9FFF7C1FF4FF48043A36102
:1095500010BD0146064801F0B7FB4FF48043A361FC
:1095600010BD00BF64C5000800000240F4090020DF
:1095700088C5000810B50D480D4C01F097FB4FF061
:1095800080430C48A361C82100F0BEFD28B9FFF755
:109590009DFF4FF48043A36110BD0146064801F0D2
:1095A00093FB4FF48043A36110BD00BFA4C5000826
:1095B00000000240F4090020D4C50008024A1368E4
:1095C00001331360704700BFF00900200F48104AB4
:1095D00082B04FF0005500214FF400548561009196
:1095E000009B934205D8009B01330093009B93425C
:1095F000F9D984610191019B9342EFD8019B01331A
:109600000193019B9342F9D9E8E700BF00000240B3
:109610003F0D03004FF080431A69D20700D4704712
:109620001A6922F001021A6100F0D8BB2DE9F04F4F
:10963000A949AA4A0B682DED028B40F2057043F44C
:1096400070030B60B5B0114610600B6803F00703A0
:10965000052BFAD1A24B1A6842F001021A601A686F
:109660009007FCD59F4A5A604FF414429A601968DB
:109670009B4A41F08071196013689901FCD591688B
:10968000974B41F0020191609A6802F00C02082A9F
:10969000FAD1954A954951600020072190601160E8
:1096A0001A6B42F001021A6300BF00BF904D2B6895
:1096B00023F070532B602B684FF4C04243F0A0534B
:1096C0002B60AA6100F048FA88B18A4C29464FF015
:1096D00080404FF480454B695B044CBF88618D61CD
:1096E000226823689B1AB3F5FA7FFAD3F3E70323C2
:1096F000804C29464FF000504FF400521D468861BF
:10970000266823689B1BB3F5FA7FFAD38A61266823
:1097100023689B1BB3F5FA7FFAD3013DEFD14FF4D9
:10972000E1317548039500F0B3FE00F0F1FFDFF87A
:10973000F0819FED720A88F8000002F077FA98F83D
:109740000030002B40F0F0800DF1880B17A801F0DD
:10975000B3FC002840F05D81DDE91F23003A684F2B
:109760001A991998396118BF0122003B18BF0123CB
:1097700087F8242087F825301C9A1D9B1B993A6096
:109780007B601E9AF8604FF07E537961BA60BB61CE
:10979000FB613B62DFED5B0A9FED5B1ADFED5B8AED
:1097A000DFF880A15A4E9FED5B8AB0EE600AF7EEBB
:1097B000001A02F089FA6421574801F0F7FB01F022
:1097C00035FCB0EE680A584602F01AF8B0EE680AA6
:1097D00002F0ACF84FF00009256800F025FB0028E6
:1097E00047D100F06BFE00F06FFF042860D0012825
:1097F00000F0D480022800F0CE8003281CD101F0B4
:1098000051FD0146002840F000810490434801F0DA
:109810004DFA4FF07E53049987ED008A87ED018A57
:1098200087ED028A87ED038A87ED048A87ED058A32
:10983000B984BB61FB613B6200F040FF01283FD06F
:109840002B4B4FF080429A6198F800302BB1DAF838
:109850000030EB1A7C2B00F2A4803368EB1AC72B84
:10986000BAD9356002F00CFB256800F0DDFA00285B
:10987000B7D007A800F0DEFA07A800F0EFFD2049F6
:1098800007A800F0A7FD584607A901F0E9FFB0EED0
:10989000680A07A802F058F8B9F1000F40F0A48058
:1098A00000F00CFE00F010FF04284FF001099ED1DB
:1098B000FFF73CFEFFF75EFE00F000FF0128BFD17E
:1098C000B9F1000FC0D0039BEB1A632BBCD902F097
:1098D00073F80395B8E700BF88ED00E0003C024054
:1098E000003802401054000710E000E03F900200F2
:1098F00000000240F009002080DE800280E6C547BB
:10990000F40900206F12833AACC527370AD7233CED
:10991000EC0900200000000000BD010574C600082D
:109920001C0A0020E8090020216840F6B7322368AD
:109930005B1A9342FBD942489FED428A01F0B6F987
:10994000642600250DF1880B584600F0ABFF20B1CE
:10995000DDED227A38EE278A0135226823689B1ACA
:10996000132BFBD9013EEFD1002D65D007EE905AA5
:10997000F8EEE77AC8EE278AB0EE680A02F05CF9E2
:1099800018EE900AF8F754FB009502460B462E4855
:1099900001F09AF9DAE6FFF7EDFD4DE7FFF7C6FDB6
:1099A0004AE70EA8CAF8005000F07CFF00283FF4F8
:1099B00054AF9DED0E0A02F045F90E988DED040AA4
:1099C000F8F736FB049B0A460146184613460A463A
:1099D000CDE90423F8F72CFBDDE90423CDE90001F0
:1099E0001A4801F071F938E70EA801F0EBFFDDED40
:1099F000080A9DED091A9DED070A0EA802F04CF920
:109A0000F0EE680A02F088F9EBE6114801F05CF923
:109A100012E7104F104800233B6000227B60BB60C0
:109A2000FB603B617B614FF07E53BA84BB61FB619D
:109A30003B6201F03BF9ADE6084801F037F985E6F5
:109A4000F4C50008000000002CC60008A8C60008E5
:109A500088C60008F409002054C6000814C600088F
:109A600084B00023019002930299019A914214D28A
:109A7000184643F2B0620390039B9A4206D900BF96
:109A8000039B01330393039B9A42F8D8029B013353
:109A900002930299019B9942EDD304B0704700BF35
:109AA00010B50F4C4FF0804382B0A36140F08000AE
:109AB00000F0DCFF002000F0D9FF4FF480420023CB
:109AC000A2610193019B0E229A4206D900BF019B1D
:109AD00001330193019B9A42F8D802B010BD00BF38
:109AE0000008024070B5134E4FF0804382B0B3615E
:109AF0000D4600F0BBFF0446284600F0B7FF4FF4C8
:109B000080420023B2610193019B0E229A4206D942
:109B100000BF019B01330193019B9A42F8D8FF2CAF
:109B200005D0FF280CBF0520002002B070BD052025
:109B300002B070BD00080240024B4FF080429A61B3
:109B4000704700BF00080240024B4FF480429A6108
:109B5000704700BF000802404C4A08B5136B43F041
:109B60000403136300BF00BF494B1A6822F0405240
:109B70001A601A6842F080521A605A6822F48042D1
:109B80005A609A6842F040529A60DA684FF4804115
:109B900022F04052DA60996100F0FEFE0A20FFF7E1
:109BA0005FFF00217620FFF79DFF01211120FFF7C5
:109BB00099FF0220FFF754FF7520FFF771FF42283D
:109BC00001D0032008BD0F214E20FFF78BFF0F208F
:109BD000FFF746FF06214F20FFF784FF0F20FFF716
:109BE0003FFF06215020FFF77DFF0F20FFF738FFD2
:109BF000FF215220FFF776FF0F20FFF731FF0121F1
:109C00007620FFF76FFF15210C20FFF76BFFB821BF
:109C10000D20FFF767FF61210E20FFF763FF022190
:109C20007620FFF75FFF2A210320FFF75BFFB821B3
:109C30000420FFF757FF61210520FFF753FF0021A4
:109C40007620FFF74FFF4D20FFF72AFF00F03F007F
:109C500040F040014D20FFF745FF0F20FFF700FFC8
:109C600000217620FFF73EFF0120FFF7F9FE094AA9
:109C700013469D2103F8011B0F32002103F8011B3D
:109C80009342FBD100F014FF002008BD00380240D1
:109C900000080240300A0020B0F90C309FED277A0E
:109CA000DFED273A9FED274A07EE903AF8EEE77A84
:109CB000B0F90030C7EE874A05EE103AB0F902302D
:109CC00005EE903AB0F9043006EE103AB0F90630DD
:109CD00006EE903AB0F9083007EE103AB0F90A30C3
:109CE00007EE903AB8EEC55AF8EEE55AB8EEC66AF5
:109CF000F8EEE66AB8EEC77AF8EEE77AB3EE093A1C
:109D000025EE235A65EEA35A26EE236A66EE846A90
:109D100027EE047A67EE847A74EE834A81ED005A66
:109D2000C1ED015A81ED026AC1ED036A81ED047A49
:109D3000C1ED057AC1ED064A704700BFE17A0443E0
:109D4000C3F59C3B90C1793DF0B5204B93F801C021
:109D5000DF785C799A7818799979DE791D7A8DB0F7
:109D600042EA0C2240EA072041EA04215F7A9C7A09
:109D7000ADF8102045EA06251A7BDE7AADF804001E
:109D8000587B9B7BADF8061044EA072442EA062282
:109D900043EA002305A901A8ADF80A4005ACADF8D7
:109DA0000850ADF80C20ADF80E30FFF775FF0FCC62
:109DB000074D084E0FC594E80700074B85E80700DC
:109DC0000124002234701A700DB0F0BD200A00206A
:109DD000400A00201D0A00201E0A002010B50D496F
:109DE0000B789BB903F0FF040B4A01230B70136936
:109DF000D907FCD4084A936DDB07FCD4074B08490C
:109E000008480F2200F096FE204610BD0724204689
:109E100010BD00BF1E0A002000640240499D0008DA
:109E2000200A0020300A0020014B1878704700BF3C
:109E30001D0A002070B4044672B6064D064E0FCDC2
:109E40000FC495E80700002384E80700337062B66A
:109E500070BC7047400A00201D0A00202DE9F04F19
:109E60002DED048B91B00F90002800F03B81632909
:109E70008B4640F23781002200239D48DFF884A200
:109E8000CDE9042300F020FFDDE90423CDE906231A
:109E9000CDE90A23CDE90823CDE9042300250BEB06
:109EA0004B01904699468FB22C46BD4238D0A3450F
:109EB00040F2DC809AF800100029F6D072B68D4985
:109EC00000200E684E6891ED038AD1ED048A4E6938
:109ED0008AF8000062B6F1EE688AB1EE488A64BB87
:109EE00018EE900AF8F7A4F802460B4618EE100A8E
:109EF000CDE90423F8F79CF802469046894630469F
:109F0000CDE90889F8F794F89DED047BCDE90A01C5
:109F10008DED067B02460B4601240135BD42C6D1BC
:109F2000632C00F2A3807448214600F0CDFE01208E
:109F300011B0BDEC048BBDE8F08FDDE90601CDE981
:109F40000C23F8F7DFFA07EE900A38EEE70AF6F787
:109F5000BDF949464046B0EE409AF8F7D3FA07EE0D
:109F6000900A38EE670AF6F7B1F9DDE90C231046DE
:109F70001946F0EE409AF8F7C5FA07EE906A07EE38
:109F8000100A37EEC70AF6F7A1F9F7EE007AB4EE39
:109F9000E79AF1EE10FA56DCF4EEE79AF1EE10FAD9
:109FA00051DCB4EEE70AF1EE10FA4CDC18EE900A40
:109FB000F8F73EF802460B46DDE90401F7F7DAFE52
:109FC00002460B4618EE100ACDE90423F8F730F8E4
:109FD00002460B46DDE90801F7F7CCFE02460B46C8
:109FE0003046CDE90823F8F723F802460B46DDE9B1
:109FF0000A01F7F7BFFE0134A4B202460B46204621
:10A00000CDE90A23F8F702F88046894642464B46D6
:10A01000DDE90401F8F78EF941EC170B42464B4697
:10A02000DDE908018DED067BF8F784F941EC170BAB
:10A0300042464B46DDE90A0159EC178BF8F77AF9ED
:10A0400002460B4669E72D4800F03EFE0022002341
:10A050009046994649EC178B00248DED067B8DEDDB
:10A060000A7B8DED087B8DED047B56E7DDE906016B
:10A07000CDE90423F8F746FA0F9E07464946F760F4
:10A080004046F8F73FFADDE90423054619463561F5
:10A0900010460F96F8F736FA0F9A064601235661D6
:10A0A000D48482F824303846F7F7C2FF02460B46C4
:10A0B0003046CDE90423F7F7BBFF06460F46284696
:10A0C000CDE90267F7F7B4FFDDE90423CDE900012C
:10A0D0000B48214600F0F8FD002011B0BDEC048BC8
:10A0E000BDE8F08F032011B0BDEC048BBDE8F08F0C
:10A0F000C4C60008400A002010C70008E8C60008CF
:10A1000040C700081D0A00202DE9F04F2DED068BF9
:10A1100093B01190002800F0478163290F4640F268
:10A12000438100220023A348DFF8A4B2A24C9FED94
:10A13000A3AACDE9042300F0C7FDDDE9042307EB62
:10A140004701CDE90623CDE90A23CDE90823CDE96E
:10A150000C234FF0000A89B2904699460491554667
:10A1600004998A453AD0AF4240F2D9809BF800105A
:10A170000029F5D072B6002194ED008AD4ED018A51
:10A18000A668E06820698BF8001062B6F1EE688A74
:10A19000B1EE488A7DBB18EE900AF7F749FF0246F8
:10A1A0009046894618EE100ACDE90C89F7F740FF72
:10A1B0000246154630460E46CDE90856F7F738FFF9
:10A1C00046EC175BCDE90A018DED067B02460B4696
:10A1D000012504990AF1010A8A45C4D1632D00F2D0
:10A1E0009E807748294600F06FFD012013B0BDEC3A
:10A1F000068BBDE8F08F49464046CDE90E23F8F7BF
:10A2000081F907EE900A38EEE70AF6F75FF8DDE924
:10A210000601B0EE409AF8F775F907EE900A38EEAD
:10A22000670AF6F753F8DDE90E2310461946F0EEFB
:10A23000409AF8F767F907EE906A07EE100A37EED2
:10A24000C70AF6F743F8B4EECA9AF1EE10FA53DCF7
:10A25000F4EECA9AF1EE10FA4EDCB4EECA0AF1EE50
:10A2600010FA49DC18EE900AF7F7E2FE0B460246B8
:10A27000DDE90C01F7F77EFD02469046894618EEAF
:10A28000100ACDE90C89F7F7D3FE02460B46DDE94B
:10A290000801F7F76FFD02460B463046CDE908236B
:10A2A000F7F7C6FE02460B46DDE90A01F7F762FD45
:10A2B0000135ADB202460B462846CDE90A23F7F731
:10A2C000A5FE41EC180B404653EC182B4946F8F715
:10A2D00031F853EC182B80468946DDE90801F8F780
:10A2E00029F853EC182BCDE90601DDE90A01F8F74E
:10A2F00021F802460B466CE7324800F0E5FC0022EC
:10A30000002343EC172B00258DED067B8DED0A7B9A
:10A310008DED087B8DED0C7B9046994659E74946BB
:10A320004046CDE90423F8F7EDF8119F9FED268A0A
:10A3300006463E60DDE90601F8F7E4F8DDE90423AE
:10A34000044619467C601046F8F7DCF807EE900AE0
:10A3500037EEC88A4FF07E53012287ED028ABB6137
:10A36000FB613B6287F825203046F7F761FE024625
:10A370000B4618EE100ACDE90423F7F759FE0646FE
:10A380000F462046CDE90267F7F752FEDDE90423C8
:10A39000CDE900010D48294600F096FC002013B0DD
:10A3A000BDEC068BBDE8F08F032013B0BDEC068B2F
:10A3B000BDE8F08F78C70008400A0020D222FB3E9B
:10A3C000A8C70008E8C60008C3F51C41DCC70008A0
:10A3D0001D0A002091F825301BB3D1ED003A91ED14
:10A3E000014AD1ED024AD0ED006A90ED017AD0ED3C
:10A3F000027A91ED065AD1ED075A91ED086A76EE90
:10A40000E36A37EE447A77EEE47A66EE856A27EE01
:10A41000257A67EE867AC0ED006A80ED017AC0ED9C
:10A42000027A91F82430BBB191ED035AD1ED045A70
:10A4300091ED056AD0ED036A90ED047AD0ED057ACE
:10A4400076EEC56A37EE657A77EEC67AC0ED036AB6
:10A4500080ED047AC0ED057A704700BFD0ED006A48
:10A4600090ED016A90ED047AD0ED037AF1EE666A20
:10A47000B1EE466AB1EE477AF1EE677A80ED006A96
:10A48000C0ED016A80ED037AC0ED047A704700BF29
:10A4900008B500F09DFB00F051FC0549054A06484F
:10A4A00000230B701370BDE8084000F0FFBB00BF35
:10A4B000730A00205C0A002014C8000870B5614CC3
:10A4C000614E002500F020FC88B100F029FC0D2829
:10A4D000F8D00A280ED023880E2B03F101029ABF70
:10A4E000F0542280258000F00FFC0028EDD1574B5E
:10A4F000187870BD534D544C2B8855490022204686
:10A50000E254F8F751F948B9504C524801232370EE
:10A5100000F0CCFB002320782B8070BD4E492046F4
:10A52000F8F742F9034648B14C492046F8F73CF9A0
:10A5300050B94B48454C00F0B9FBEBE7434C494858
:10A54000237000F0B3FBE5E747492046F8F72CF904
:10A5500060B146492046F8F727F978B9444B454899
:10A560003A4C02221A7000F0A1FBD3E7404B42485C
:10A57000364C01221A7000F099FBCBE73F49204688
:10A58000F8F712F938B93A4B3D48304C03221A70AB
:10A5900000F08CFBBEE73B492046F8F705F938B9D7
:10A5A000334B3948294C04221A7000F07FFBB1E785
:10A5B00036492548F8F7F8F838B9354B3548234C73
:10A5C00001221A7000F072FBA4E733491E48F8F725
:10A5D000EBF838B92E4B31481C4C02221A7000F0AF
:10A5E00065FB97E72E491848F8F7DEF838B9284B8D
:10A5F0002C48164C03221A7000F058FB8AE72A49AF
:10A600001148F8F7D1F838B9214B28480F4C0422EB
:10A610001A7000F04BFB7DE725490B48F8F7C4F8AA
:10A6200018B12B884BB9094C74E7194B2148074CDA
:10A6300005221A7000F03AFB6CE71F48034C00F04B
:10A6400035FB67E7700A0020600A0020730A0020CB
:10A6500024C800082CC8000838C800084CC80008E6
:10A6600054C8000840C800085CC8000878C8000842
:10A670005C0A002084C8000868C8000898C8000860
:10A68000A4C80008B8C80008C0C80008CCC80008A2
:10A69000720A0020D0C80008DCC80008E4C800081E
:10A6A000F0C80008F8C8000804C900080CC9000870
:10A6B00018C9000820C900082CC90008014B1878E7
:10A6C000704700BF730A0020024B002218781A70EE
:10A6D000704700BF5C0A002010B582B00C4603230F
:10A6E000014601AA762000F007FC70B19DF8053004
:10A6F0009DF804109DF806201B0243EA01431A430B
:10A700001B0248BF02F17F42226002B010BD00BFB1
:10A7100030B589B000F072FB09220C21762000F0E0
:10A72000BDFB00230193019B5C4A934205D8019B2A
:10A7300001330193019B9342F9D900258DF8035011
:10A7400032240DF103020821762000F02BFC0028B2
:10A7500000F088809DF90330002B0DDB0295029BF1
:10A7600042F20F72934205D8029B01330293029B7F
:10A770009342F9D9013CE4D103AA12231021762097
:10A7800000F0BAFB00286ED09DF80D309DF80C202B
:10A790009DF80E009DF80F40190941EA0211D209F7
:10A7A0004FEA032202F470623D4B18BFA1F58051BD
:10A7B000104315059DF8102019604FEA02129DF80C
:10A7C000111042EA043248BFA0F5805058601403CB
:10A7D00042EA1110BDF812204FEA014152BA01F4C9
:10A7E000702192B248BFA0F580100A430903BDF85A
:10A7F0001410986048BFA2F58012DA604ABA91B28C
:10A800001204BDF8162048BFA1F5803152BA1504D4
:10A81000196191B2BDF8182048BFA1F5803152BA34
:10A820001404596191B2BDF81A2048BFA1F58031D6
:10A8300052BA1004996191B2BDF81C2052BA48BFB7
:10A84000A1F5803194B2120448BFA4F58034D961D7
:10A85000002503AA282176201C628DF80C5000F0F8
:10A86000A1FB10B9002009B030BD032206217620DB
:10A870009DF80C4000F012FB0028F3D024F07F027A
:10A8800042F003020721762000F008FB0028E9D0FF
:10A8900007220821762000F001FBE4E79F860100F3
:10A8A000740A002010B584B004460DF10702082197
:10A8B000762000F077FB28B19DF8073003F03003D5
:10A8C000302B02D0002004B010BD02A90020FFF7F9
:10A8D00003FF0028F6D003A90320FFF7FDFE0028A0
:10A8E000F0D0DDED027A9FED2A6A2A4BB8EEE77AC6
:10A8F000DDED037AC7EE066AF8EEE77A93ED067AA5
:10A9000087EE865AD3ED087A93ED036AF8EEE77A7C
:10A91000B8EEC77A67EEA67AB8EEC66A77EE877A9F
:10A9200093ED077A67EEA67AB8EEC77A77EE867A65
:10A9300093ED026AB8EEC64A93ED046AF8EEC65A81
:10A9400093ED056A27EE267AF8EEC64A67EEA67AF8
:10A9500093ED016A1B6866EE856A37EE247A77EE1E
:10A96000847A27EE267A65EE855AB8EEC66A06EE38
:10A97000903A77EEA57A26EE056AFAEEEF6A77EE60
:10A98000877A36EE867AC4ED007A84ED017A9AE70A
:10A990000000F04A740A0020314B1A6B42F00302A7
:10A9A00010B41A635A6C42F480525A6400BF00BF5C
:10A9B000A3F560532B4A18682B4920F440601860B7
:10A9C000186840F400601860986840F4406098602F
:10A9D000D86820F44060D860186A20F470001862CB
:10A9E000186A40F4A0001862186820F4404018600B
:10A9F000186840F400401860986840F4404098603F
:10AA0000D86820F44040D860186A20F0704018627E
:10AA1000186A40F0A0401862136823F44073136072
:10AA2000136843F400731360936843F440739360B6
:10AA3000D36823F44073D360136A23F47023136242
:10AA4000136A002443F4A02340F21F3013620C6009
:10AA500008600B685DF8044B43F040030B607047DF
:10AA60000038024000040240003001400E4942F22A
:10AA7000107300E0ABB18A68013B12F0020F9BB289
:10AA8000F8D00A4B0849187042F2107300E043B145
:10AA90008A68013B12F0010F9BB2F8D0C868C0B2BF
:10AAA0007047FF20704700BF003001400C3001406C
:10AAB000194A136B43F4800310B4136300BF00BF43
:10AAC00002F5305200231361136913F00103FBD127
:10AAD000124C134813491461906193658B6DDB0729
:10AAE000FCD4114B11480E4A88650A665A68104911
:10AAF00042F080725A605A68802042F000625A60C8
:10AB000083F8380383F83B034B685DF8044B43F04C
:10AB100003034B60704700BF003802401004020678
:10AB20000C3001400064024000E100E050040206E5
:10AB30000030014038B50B4D0B4C2B604FF03463A7
:10AB40002D25A560A360E16162616066E265FEF7A4
:10AB5000F3FF236943F001032361A36D43F0010375
:10AB6000A36538BD980A00200064024008B50F4B69
:10AB70001A68920603D40D4B0D229A6008BD20225C
:10AB80009A601A6922F001021A619A6D22F001029C
:10AB90009A65FEF7D9FF064B1A68002AEBD01B68AE
:10ABA0009847024B0D229A6008BD00BF0064024026
:10ABB000980A0020054B1A68120144BF4FF000624A
:10ABC0009A60024B4FF050729A60704700640240E6
:10ABD0002E4B1A6B42F00C0230B41A631A6C42F41A
:10ABE00080121A6400BF00BFA3F54053284A1D68B5
:10ABF000284C25F040751D601D6845F000751D60EE
:10AC00005D6825F480555D609D6845F040759D60E8
:10AC1000DD6825F04075DD605D6A25F470255D62B4
:10AC20005D6A45F400255D6213681B4D23F0300317
:10AC30001360136843F020031360D36823F03003DC
:10AC4000D360D36843F01003D360136A23F47063B6
:10AC50001362136A43F4006313620023E36000EBA2
:10AC600051002361B0FBF1F16361A160E36843F43B
:10AC7000005343F02C03E3606B68D02243F40013CD
:10AC80006B6085F8352330BC704700BF0038024048
:10AC9000000C02400050004000E100E0024A13684E
:10ACA0001B06FCD55060704700500040017841B150
:10ACB000044A13681B06FCD5516010F8011F0029D7
:10ACC000F7D17047005000400FB400B5A3B024ABDB
:10ACD000802153F8042B019302A8F7F705FF9DF894
:10ACE000081049B1074A02A813681B06FCD5516039
:10ACF00010F8011F0029F7D123B05DF804EB04B070
:10AD0000704700BF00500040034A044B10881B8866
:10AD1000C01AC0B2704700BF9C0B00209E0B0020E1
:10AD2000044A054913889BB2C85C13880133DBB21F
:10AD3000138070479E0B00209C0A00200249034AA2
:10AD400000230B80138070479E0B00209C0B00207B
:10AD5000114B1A68910618D51048114930B45C6837
:10AD6000038809880133DBB289B28B4205D00188A0
:10AD70000C4D89B2E4B26C54038012F00E0F18BF70
:10AD8000054B30BC18BF5B68704712F00E0F1CBF3C
:10AD9000014B5B68704700BF005000409C0B0020D7
:10ADA0009E0B00209C0A002030B4114D114B2A68E4
:10ADB000114C42F480722A6001E0013B14D02268F9
:10ADC000D507FAD50A4A0B4B0B4C41EA40011161F9
:10ADD00001E0013B08D022689207FAD5044B01201C
:10ADE0005A699B6930BC7047002030BC704700BF77
:10ADF00000540040A0860100145400402449254B13
:10AE0000086B254A40F0020010B40863086C40F457
:10AE100000100864196821F470311960196841F450
:10AE200020311960596841F4C0715960996841F442
:10AE300020319960D96821F47031D960D96841F422
:10AE4000A031D960596A21F00F015962596A41F065
:10AE500004015962196A21F070411962196A41F0BE
:10AE600080411962136843F40043136013682A2475
:10AE700023F40043D2202B2113605460D06111626F
:10AE800013685DF8044B43F001031360704700BF83
:10AE900000380240000402400054004038B50C461F
:10AEA00000211546FFF780FF104A98B11461104B3E
:10AEB000104C01E0013B12D021680906FAD50B4A7B
:10AEC0000B4B0C49156101E0013B08D00A685207A1
:10AED000FAD5064A136843F40073136038BD03497A
:10AEE0000A6842F4007218460A6038BD00540040F7
:10AEF000A0860100145400402DE9F0410D460021C8
:10AF000016461F468046FFF74FFF002833D0224BDE
:10AF100022481D61224D01E001382CD02968090624
:10AF2000FAD51D4D2B6843F4806340462B60012108
:10AF3000FFF73AFF48B31FB3013F194916FA87FCE0
:10AF4000741EC6F1010633199F4207D12B6823F402
:10AF500080632B602B6843F400732B600F4B01E080
:10AF6000013B0FD00A685206FAD52B6904F8013F5D
:10AF70006445E8D104E0084A136843F400731360A1
:10AF8000BDE8F0811846BDE8F0812B6843F40073FA
:10AF90002B60BDE8F08100BF00540040A086010096
:10AFA000145400400123FFF7A7BF00BF1C4A136CD5
:10AFB00043F0010330B4136400BF00BF02F14672D6
:10AFC000184BB3FBF1F102F5D3324FF080438332DB
:10AFD0001C68A2FB0020800C24F00104013900252C
:10AFE00001381C609862D9625D6219680E4A41F0AE
:10AFF00004011960596941F001015961196921F091
:10B0000001011961D96841F00101D9601368A021DB
:10B0100043F08053136082F81C1330BC704700BFAC
:10B020000038024040420F0000E100E04FF0804253
:10B03000136843F001031360704700BF0E4AD368E2
:10B04000D903FCD4F32140F25A23D1601361136970
:10B05000094943F480331361CB68DB03FCD4C8682F
:10B0600010F0F20004D10B6923F002030B6170476A
:10B07000F323CB6004207047003C024070B40546C7
:10B080000C4955F8286F4FF0FF3310F8014B082298
:10B090006340DC074CBF81EA53035B08013AF8D1F7
:10B0A000A842F2D1DB43981BB0FA80F0400970BC93
:10B0B000704700BF2083B8ED2DE9F041194C1A4BC1
:10B0C00025689D42074612D1DFF860802046FFF7D1
:10B0D000D5FFD8F80030AB4206460FD058B1214614
:10B0E00038462C22F7F764FA0020BDE8F0810F48BB
:10B0F00002689A4210D00120BDE8F0814046FFF777
:10B10000BDFF5EB10028EAD06368D8F804108B4216
:10B1100094BF41462146E3E7FFF7B0FF0028EAD09D
:10B120000249DDE700000E08010042BB00010E08E5
:10B130002DE9F041544C554B25689D428CB0074693
:10B1400010D1DFF84C812046FFF798FFD8F8003087
:10B15000AB4206463AD050B14B4B4D4C5B6803F1C5
:10B16000010C06E04A4802689A4223D000264FF0BC
:10B17000010C0FCF01AD0FC50FCF0FC597E807002A
:10B18000424B85E807004349CDE9013C01AD0DF193
:10B190002B0001224FF0FF3353400822DF074CBF42
:10B1A00081EA53035B08013AF8D1A84222D015F88E
:10B1B000012FF1E7FFF762FF0646002E5CD0344B0B
:10B1C000314C5B68012603EB060CD2E74046FFF7E3
:10B1D00055FF002E54D00028BED06368D8F8042054
:10B1E00030439342C6B292BF02F1010C03F1010C4D
:10B1F0004446BEE7DB43284A0B931369002B1CDB54
:10B200000EB3254AD368D903FCD4F32340F20120BE
:10B21000D36001A910611D4B1F4A641A01F1280572
:10B220006350D368DB03FCD4D06810F0F2001BD16C
:10B230008D420DD051F8043FF2E71849184B516088
:10B240005360002EDDD1FFF7F9FE0028D9D003E0CE
:10B25000136923F0010313610F4A136943F000439C
:10B2600013610CB0BDE8F081F323D360136923F0C0
:10B27000010313610320EFE7034C4FF0010C78E763
:10B280000646002E9BD1F7E700000E08010042BBE6
:10B2900000010E082083B8ED003C02402301674501
:10B2A000AB89EFCD08B5084B1A69002A03DA0749C4
:10B2B000074A59605A60FFF7C1FE034A136943F019
:10B2C0000043136108BD00BF003C024023016745F5
:10B2D000AB89EFCD044A05491368002B08BF0B4624
:10B2E0001844106018467047A00B00204C0C00203A
:10B2F00070B5161E07DD4C1EA51914F8010FFFF7D7
:10B30000CDFCAC42F9D1304670BD00BF0020704783
:10B310004FF0FF30704700BF4FF400534B600020E8
:10B32000704700BF0120704700207047FEE700BF54
:10B330004FF0FF30704700BF0120704700234FF0EF
:10B340007E5280ED100AC0ED110A026002610262B5
:10B35000026343608360C36043638363C363436189
:10B360008361C36143628362C3627047F0B5D2ED0B
:10B37000007AD2ED016A92ED027A66EEA66A67EE75
:10B38000A77A2DED068B77EEA67A27EE077A85B0A1
:10B39000B0EE408A37EE870A164604460D46F5F7AA
:10B3A000BBF89FEDF07AC0EE077AF7EE008A37EE31
:10B3B000E80AF4F78BFF9FEDEC7AB4EEC70AF1EEE2
:10B3C00010FA40F1ED80C0EE077AD5ED016A95EDF7
:10B3D000007A95ED020A66EEA66A27EE077A20EE5D
:10B3E000000A37EE267A78EEE78A37EE000AF5F79C
:10B3F00093F8DFEDDE7A80EE277AB5EEC07AF1EED3
:10B4000010FA0ED4F7EE006AB4EEE67AF1EE10FA16
:10B41000D5BF36EEC77ADFEDD67A68EE878A68EE5A
:10B42000A78A95E80700DFEDD37AF4EEE78A01AF4B
:10B43000F1EE10FA87E8070000F3D180DDED016A34
:10B440009DED027ADDED037A94ED0D5AD4ED0E5A9E
:10B4500094ED0F6A76EE856A37EE257A77EE867A76
:10B46000B0EE480A39462046CDED016A8DED027AEC
:10B47000CDED037A00F02EFB94ED035AD4ED017A62
:10B4800094ED026A94ED007A66EE064A67EEA70A2A
:10B4900065EE056A66EE053A27EE064A27EE270AAC
:10B4A00027EE866A70EEA65A67EE857A74EEA66A73
:10B4B00070EEA40A27EE057A73EEC04A36EE475ABC
:10B4C00030EE230A37EE067A75EEA55A34EE276A77
:10B4D00076EEA66A77EEC47A70EEA00AB7EE008A1E
:10B4E00037EE077A77EEA77A78EE655A78EE666AD5
:10B4F00078EE600A74EEA44A30EE000A35EE055A82
:10B5000036EE066A84ED077AC4ED0A7AC4ED085A6D
:10B51000C4ED046AC4ED0C0AC4ED094A84ED0B0ABB
:10B5200084ED055A84ED066AF4F754FF9FED927A94
:10B53000D4ED0A7A20EE070ABFEE007AF4EEC77A5D
:10B54000F1EE10FA84ED120A00F1F580F4EE487A7B
:10B55000F1EE10FAC8BFF0EE487AB0EE670AF4F7E1
:10B5600007FF9FED858AD4ED040AF0EE407A67EE7E
:10B57000C87A94ED070AC4ED137AF4F72BFF20EE96
:10B58000080AB5EEC00AF1EE10FA44BFDFED7B7A8F
:10B5900030EE270A84ED140A05B0BDEC068BF0BD31
:10B5A00095ED007AD5ED017A95ED020A27EE077A3E
:10B5B00067EEA77A20EE000A77EE877A37EE800AE8
:10B5C000F4F7AAFFDFED697A80EE277AB5EEC07A4C
:10B5D000F1EE10FA00F1B280DFED658A12E796ED28
:10B5E000006AD6ED017A96ED020A94ED0A9A94ED7E
:10B5F0000BAAD4ED0C9A67EEA77A26EE066A20EE27
:10B60000000A36EE276A36EE000AF4F785FFDFED12
:10B610005C7AB4EEE70AF1EE10FA00F395809FED44
:10B62000546AF0EE465AF0EE467A69EEA56A29EEC3
:10B63000067A29EE259AD4ED115A69EEA79AF5EE0D
:10B64000C05A6AEE277A2AEE06AAF1EE10FA76EED2
:10B65000CA6A37EE697A77EEC97A40F3978095ED3A
:10B66000006AD5ED014A95ED025A9FED464A26EE55
:10B67000066A64EEA44A25EE055A36EE246A36EED2
:10B68000056AB4EEC46AF1EE10FA7FD566EEA54AFB
:10B6900094ED104ADFED3C3A94ED0D2AD4ED0E2ADC
:10B6A00094ED0F3A64EEA84A64EE233A27EE255A49
:10B6B00027EEA56A64EE884AF6EE001A63EEA13A18
:10B6C00065EE285A26EE286A34EE825AF1EE634A75
:10B6D00065EE885A26EE086AB4EEE45AF1EE10FAE6
:10B6E00075EEA25A36EE036A71D4B4EE635AF1EEE7
:10B6F00010FAC8BFB0EE635AF4EEE45AF1EE10FA55
:10B7000084ED0D5A69D4F4EE635AF1EE10FAC8BF15
:10B71000F0EE635AB4EEE46AF1EE10FAC4ED0E5A9C
:10B7200058D4B4EE636AF1EE10FAC8BFB0EE636AA3
:10B7300084ED0F6A32E0F0EE477A0EE795E80700F5
:10B7400001AF87E8070079E696ED006AD6ED016A59
:10B7500096ED027AC6EE007AC6EE805A87EE006A4F
:10B7600063E700BF00407544CDCC4C3EC3B8B23F48
:10B77000000000006F12833AE02E65420000B443DF
:10B78000BD378635E98AF93D35FA0E3D94ED104A0C
:10B7900094ED0D5AD4ED0E5A94ED0F6ADDED013A99
:10B7A000DDED034A66EE846A27EE047A67EE847A5A
:10B7B00066EEA86A27EE287A67EEA87A9DED024A1F
:10B7C00076EEA36A37EE047A77EEA47A42E6B0EE1C
:10B7D000645A91E7B0EE646AAAE7F0EE645A99E71A
:10B7E000704700BF00F1240203690B6043694B609E
:10B7F00083698B600C30824201F10C01F4D17047F7
:10B800009FED157ADFED157A80ED027A70EE076A0A
:10B8100070EE275A80EE266A00230360C3608361BE
:10B8200043620363C363C0EE256A80ED057A80ED51
:10B83000087A80ED016A80ED046A80ED076AC0ED48
:10B840000B7AC0ED0E7AC0ED117AC0ED0A6AC0ED38
:10B850000D6AC0ED106A70473661023CF3D6AD3B0D
:10B8600090ED002AD0ED032A90ED063AD0ED093A8A
:10B8700090ED0C4AD0ED0F4A91ED005AD1ED015AEE
:10B8800091ED026AD1ED036A91ED047AD1ED057A6A
:10B8900090ED070AD0ED0A0A90ED0D1AD0ED101ABE
:10B8A0002DED028B35EE425AD0ED018A90ED048ADF
:10B8B00075EEE25A36EE436A76EEE36A37EE447A84
:10B8C00077EEE47A25EE285A65EE885A26EE006A6D
:10B8D00066EEA06A27EE017A67EEA17A35EE025A8B
:10B8E00075EEA25A36EE036A76EEA36A37EE047A54
:10B8F00077EEA47A80ED005ABDEC028B81ED005A00
:10B90000C0ED035AC1ED015A80ED066A81ED026A6D
:10B91000C0ED096AC1ED036A80ED0C7A81ED047A0D
:10B92000C0ED0F7AC1ED057A704700BFB0EE401A46
:10B93000DFED030A0348B0EE000AFFF7FFBC00BFCB
:10B940000AD7A33BA40B002000B59FED184ADFEDFA
:10B95000184A90ED035AD0ED045A90ED056AD0EDE7
:10B96000006A90ED017AD0ED027A124887B025EE98
:10B97000045A65EE845A26EE046A66EEA46A27EE3F
:10B98000247A67EEA47A03AA69468DED005ACDEDBC
:10B99000015A8DED026ACDED036A8DED047ACDED8D
:10B9A000057AFFF7E3FC07B05DF804FB35FA8E3C3F
:10B9B0000000C842A40B00200148FFF711BF00BFE0
:10B9C000A40B002001460148FFF70CBFA40B002088
:10B9D000D1ED007AD2ED005A91ED013A92ED015A83
:10B9E000D2ED024A92ED034AD1ED023AD1ED032A9B
:10B9F00063EE051A25EE832A27EEA56A67EE856AAF
:10BA000027EEA47A23EE041A67EE847A23EE243A12
:10BA100036EE616A76EE826A63EEA41A23EE842A19
:10BA200077EE837A37EE417A25EEA33A65EE233A34
:10BA300036EE616A22EE844A76EE826A64EEA24AAB
:10BA400037EE037A25EE225A77EEE37A65EEA25AB4
:10BA500036EE446A76EEE46A37EE057A77EEA57A3A
:10BA600080ED006AC0ED016A80ED027AC0ED037AD4
:10BA7000704700BF90ED005AD0ED015A90ED026A78
:10BA8000D0ED036A65EEA54A25EE057A66EE067AE4
:10BA900037EE247A66EEA64A37EE277AF0EE087A79
:10BAA00037EE247AF6EE004A77EEC77A67EEA47A8C
:10BAB00025EE275A65EEA75A26EE276A66EEA77A84
:10BAC00080ED005AC0ED015A80ED026AC0ED037AA4
:10BAD000704700BF00B52DED068B91ED009AD1EDBA
:10BAE000018AD1ED027A9FED336AF6EE006A29EE03
:10BAF000269A68EEA68A29EE009A68EE808A27EEDA
:10BB0000A67A68EEA85A69EE097A27EE008A37EE1F
:10BB1000A50A68EE087A87B030EE270A60EE007A50
:10BB2000F4EEC67AF1EE10FA26D5B1EE087AC0EE40
:10BB3000077AB7EE007A77EE677A20EE260A29EECA
:10BB4000279A37EE400A68EEA78A28EE278A8DEDFD
:10BB5000039ACDED048A8DED058A8DED020A01462A
:10BB600002AA0190FFF734FF0198FFF783FF07B0A7
:10BB7000BDEC068B5DF804FB0190F4F7CDFCF0EE14
:10BB8000409AF4F7ABFB80EE29AAB0EE690AF4F70D
:10BB900055FB29EE0A9A68EE8A8A28EE0A8A0198ED
:10BBA0008DED039ACDED048A8DED058A8DED020AA7
:10BBB000D5E700BF9C53C937F0B48AB001AD01F19D
:10BBC000240C02F10C072E4691ED005AD1ED015ADA
:10BBD00091ED026A13463446F3EC016AD3ED027A22
:10BBE00093ED057A65EE266A65EEA77A26EE077A6A
:10BBF00077EEA67ABB4277EE877AE4EC017AEBD156
:10BC00000C31614506F10C06DED100F124042968EF
:10BC10006A68AB680160426083600C30844205F161
:10BC20000C05F4D10AB0F0BC704700BF014B83EDA6
:10BC3000000A7047380C0020014B83ED000A704762
:10BC4000380C002010B5104C2DED028B2068B0EEA2
:10BC5000408AF6F7EDF902460B460C48FFF734F838
:10BC600094ED000ADFED0A0A88EE000AF4F7B4FB4F
:10BC7000BDEC028BF7EE007A37EEC00ADFED057AF5
:10BC800020EE270A10BD00BF380C002038C900087C
:10BC9000AEDC423E002A2D4790ED066AD0ED076AE1
:10BCA00090ED087ADFED077A20EE060A60EEA60A2C
:10BCB00021EE071A30EE200A30EE010A30EE670A54
:10BCC000704700BF0AE81C410F49104B104810B4E0
:10BCD000104C81ED000A0022C1ED010A81ED021A2B
:10BCE0004FF07E51C4ED001A02605DF8044B4260D3
:10BCF00082605A609A60DA605A619A61DA6119600A
:10BD000019611962704700BF1C0C0020F80B00205D
:10BD10003C0C0020280C0020F0B5534CDFED535AAA
:10BD2000D4ED027A94ED016A94ED005A504A514FD5
:10BD30004F4E30EE670AF6EE006A60EEA07A26EE0D
:10BD4000207A60EE266A20EE800A2DED028B37EE17
:10BD5000057A66EEA76A30EE060ABEEE006AA5B066
:10BD60009FED458ACDED010A67EE867A37EE267A99
:10BD700020EE250A4FF07E53F1EE606A12A8694664
:10BD8000CDED056ACDED106ACDED027ACDED0F7ADD
:10BD900000930493089309930D931193CDED0C0A2E
:10BDA00084ED007A84ED010A8DED038A8DED068A1B
:10BDB0008DED078A8DED0A8A8DED0B8A8DED0E8A49
:10BDC000FFF7FAFE1BA812A909AAFFF7F5FEF4F780
:10BDD0007DFADFED2A7ADFED286AB4EEE70AF1EEAC
:10BDE00010FA44BF234B93ED028A1BAD00200123C0
:10BDF0005C1EA04231462A4611D0D2ED007AB0EE48
:10BE0000667A77EE877A032BC1ED007A13D001337F
:10BE10005C1EA04202F1040201F10401EDD10228EE
:10BE200016D097ED007AD2ED007A77EE877A032B61
:10BE3000C1ED007AEBD10130032807F1040705F1C9
:10BE40000C0506F10C06D2D125B0BDEC028BF0BD7D
:10BE5000D2ED007A77EE887A032BC1ED007AD6D145
:10BE600025B0BDEC028BF0BD3C0C002048E17A3FD0
:10BE7000F80B00201C0C0020000000009A99193ECD
:10BE8000044B054819685A689B68016042608360EA
:10BE9000704700BF3C0C00202C0C0020000FC93F55
:10BEA000000F494000CB9640000FC9400053FB40B3
:10BEB00000CB164100ED2F41000F49410031624196
:10BEC00000537B41003A8A4100CB9641005CA3417C
:10BED00000EDAF41007EBC41000FC94100A0D5413B
:10BEE0000031E24100C2EE410053FB4100F2034247
:10BEF000003A0A420083104200CB164200141D4251
:10BF0000005C234200A5294200ED2F420036364254
:10BF1000007E3C4200C74242000F4942A20000009E
:10BF2000F9000000830000006E0000004E000000D9
:10BF3000440000001500000029000000FC00000083
:10BF40002700000057000000D1000000F5000000AD
:10BF500034000000DD000000C0000000DB00000035
:10BF60006200000095000000990000003C00000005
:10BF7000430000009000000041000000FE000000AF
:10BF80005100000063000000AB000000DE00000074
:10BF9000BB000000C500000061000000B700000009
:10BFA000240000006E0000003A0000004200000083
:10BFB0004D000000D2000000E0000000060000007C
:10BFC000490000002E000000EA0000000900000007
:10BFD000D1000000920000001C000000FE000000E4
:10BFE0001D000000EB0000001C000000B10000007C
:10BFF00029000000A70000003E000000E80000004B
:10C000008200000035000000F50000002E00000056
:10C01000BB0000004400000084000000E9000000B4
:10C020009C0000007000000026000000B40000002A
:10C030005F0000007E0000004100000039000000A9
:10C0400091000000D60000003900000083000000CD
:10C050005300000039000000F40000009C000000C4
:10C06000840000005F0000008B000000BD000000A5
:10C07000F9000000280000003B0000001F00000045
:10C08000F800000097000000FF000000DE00000044
:10C0900005000000980000000F000000EF00000005
:10C0A0002F000000110000008B0000005A0000006B
:10C0B0000A0000006D0000001F0000006D0000007D
:10C0C000360000007E000000CF00000027000000C6
:10C0D000CB00000009000000B70000004F00000086
:10C0E000460000003F000000660000009E000000C7
:10C0F0005F000000EA0000002D0000007500000055
:10C1000027000000BA000000C7000000EB0000009C
:10C11000E5000000F10000007B0000003D00000091
:10C120000700000039000000F70000008A0000004E
:10C130005200000092000000EA0000006B000000C6
:10C14000FB0000005F000000B10000001F000000C5
:10C150008D0000005D000000080000005600000097
:10C16000030000003000000046000000FC0000005A
:10C170007B0000006B000000AB000000F00000003E
:10C18000CF000000BC000000200000009A0000006A
:10C19000F4000000360000001D000000A9000000AF
:10C1A000E300000091000000610000005E0000005C
:10C1B000E60000001B000000080000006500000011
:10C1C00099000000850000005F00000014000000DE
:10C1D000A000000068000000400000008D0000008A
:10C1E000FF000000D8000000800000004D000000AB
:10C1F000730000002700000031000000060000006E
:10C20000060000001500000056000000CA000000F3
:10C2100073000000A8000000C900000060000000DA
:10C22000E20000007B000000C00000008C00000065
:10C230006B0000000400000007000000090000007F
:10C240000000C93F0000F0390000DA370000A233D7
:10C250000000842E0000502B0000C2270000D022D6
:10C260000000C41F0000C61B000044173863ED3EE9
:10C27000DA0F493F5E987B3FDA0FC93F6937AC312F
:10C2800068212233B40F14336821A2330000004B1D
:10C29000000000CB100000202020202020202020A3
:10C2A000202020202020202030303030303030300E
:10C2B00030303030303030300500000019000000E0
:10C2C0007D00000000000000000000000000F03FC2
:10C2D0000000000000002440000000000000594061
:10C2E0000000000000408F40000000000088C340B4
:10C2F00000000000006AF8400000000080842E4129
:10C3000000000000D01263410000000084D7974174
:10C310000000000065CDCD41000000205FA002427A
:10C32000000000E876483742000000A2941A6D42EF
:10C33000000040E59C30A2420000901EC4BCD642E2
:10C3400000003426F56B0C430080E03779C341438D
:10C3500000A0D8855734764300C84E676DC1AB4303
:10C36000003D9160E458E143408CB5781DAF154421
:10C3700050EFE2D6E41A4B4492D54D06CFF08044FC
:10C38000F64AE1C7022DB544B49DD9794378EA4411
:10C39000BC89D897B2D29C3C33A7A8D523F649399B
:10C3A0003DA7F444FD0FA5329D978CCF08BA5B25BD
:10C3B000436FAC642806C80A0080E03779C3414364
:10C3C000176E05B5B5B89346F5F93FE9034F384DFB
:10C3D000321D30F94877825A3CBF737FDD4F1575A7
:10C3E000202020202020202020202020202020204D
:10C3F000303030303030303030303030303030303D
:10C40000202020202020202020202020202020202C
:10C41000303030303030303030303030303030301C
:10C420000020202020202020202028282828282004
:10C4300020202020202020202020202020202020FC
:10C440002088101010101010101010101010101064
:10C450001004040404040404040404101010101054
:10C46000101041414141414101010101010101011E
:10C470000101010101010101010101011010101070
:10C4800010104242424242420202020202020202F0
:10C490000202020202020202020202021010101044
:10C4A000200000000000000000000000000000006C
:10C4B000000000000000000000000000000000007C
:10C4C000000000000000000000000000000000006C
:10C4D000000000000000000000000000000000005C
:10C4E000000000000000000000000000000000004C
:10C4F000000000000000000000000000000000003C
:10C50000000000000000000000000000000000002B
:10C51000000000000000000000000000000000001B
:10C520000000000043616C696220736176656420DD
:10C53000746F20466C617368204F4B0D0A00000039
:10C5400043616C696220466C617368207361766533
:10C55000204641494C454420636F64653D25640D88
:10C560000A00000043414C49425F4759524F3A206C
:10C570006B65657020626F617264205354494C4C46
:10C580002E2E2E0D0A00000043414C49425F4759B0
:10C59000524F204641494C454420636F64653D2518
:10C5A000640D0A0043414C49425F414343454C3AC4
:10C5B00020706C61636520626F61726420464C413B
:10C5C0005420616E64205354494C4C2E2E2E0D0A7B
:10C5D0000000000043414C49425F414343454C2029
:10C5E0004641494C454420636F64653D25640D0A0E
:10C5F00000000000414C5420424153454C494E45F7
:10C600003A20636F6C6C656374696E672E2E2E0D15
:10C610000A000000414C5420424153454C494E45CC
:10C620003A204641494C45440D0A0000414C5420F3
:10C63000424153454C494E453A20252E3266205002
:10C6400061202825642073616D706C6573290D0A63
:10C65000000000004E6F2063616C696220646174A9
:10C66000612C207573696E672064656661756C74F2
:10C67000730D0A0043414C49425F455241534520E6
:10C680004F4B0D0A0000000043414C49425F4552A8
:10C69000415345204641494C454420636F64653D04
:10C6A00025640D0A00000000503A20252E32662035
:10C6B0005061202042416C743A20252E3366206D53
:10C6C0000D0A00004779726F2063616C69623A203D
:10C6D0006B65657020626F617264205354494C4CE5
:10C6E0002E2E2E0D0A00000020205B215D204D6FB4
:10C6F00074696F6E2064657465637465642C207260
:10C7000065747279696E672E2E2E0D0A0000000086
:10C710004779726F2063616C6962204641494C45DC
:10C72000443A20626F617264206E6F742073746982
:10C730006C6C202825642076616C6964290D0A00E0
:10C740004779726F2063616C6962204F4B20282506
:10C75000642073616D706C6573293A2047583A25DF
:10C760002E34662047593A252E346620475A3A25FA
:10C770002E34660D0A000000416363656C2063611E
:10C780006C69623A20706C61636520626F617264EB
:10C7900020464C415420616E64205354494C4C2E29
:10C7A0002E2E0D0A00000000416363656C2063615A
:10C7B0006C6962204641494C45443A20626F61727F
:10C7C00064206E6F74207374696C6C20282564205B
:10C7D00076616C6964290D0A00000000416363659D
:10C7E0006C2063616C6962204F4B202825642073A4
:10C7F000616D706C6573293A2041583A252E346674
:10C800002041593A252E346620415A3A252E346665
:10C810000D0A0000484330355F52454144590D0A26
:10C820000000000053544152540000004F4B5F532E
:10C83000544152540D0A000053544F500000000060
:10C840004F4B5F53544F500D0A00000050494E4764
:10C8500000000000504F4E470D0A000043414C4974
:10C86000424759524F0000004F4B5F43414C4942F1
:10C870005F4759524F0D0A0043414C4942414343DF
:10C88000454C00004F4B5F43414C49425F4143439D
:10C89000454C0D0A0000000043414C4942455241BD
:10C8A000534500004F4B5F43414C49425F45524165
:10C8B00053450D0A0000000043414C49420000006E
:10C8C0004F4B2043414C4942200D0A0041524D003C
:10C8D0004F4B5F41524D0D0A000000004449534147
:10C8E000524D00004F4B5F44495341524D0D0A00D9
:10C8F000484F4C44000000004F4B5F484F4C440DE4
:10C900000A000000434C494D420000004F4B5F437A
:10C910004C494D420D0A00004C414E4400000000BD
:10C920004F4B5F4C414E440D0A0000004552525F90
:10C93000434D440D0A00000050544D20503A20252C
:10C940002E3366200A000000494E4600696E6600DC
:10C950004E414E006E616E00303132333435363721
:10C9600038394142434445460000000030313233FB
:10C97000343536373839616263646566000000001B
:10C98000286E756C6C290000300000004E614E006E
:10C99000496E66696E6974790000000042616C6CD2
:10C9A0006F632073756363656564656400000000F0
:10C9B0002E2E2F2E2E2F2E2E2F2E2E2F2E2E2F2E92
:10C9C0002E2F2E2E2F2E2E2F6E65776C69622F6CD8
:10C9D0006962632F7374646C69622F64746F612E73
:10C9E000630000002E2E2F2E2E2F2E2E2F2E2E2FB8
:10C9F0002E2E2F2E2E2F2E2E2F2E2E2F6E65776C55
:10CA000069622F6C6962632F7374646C69622F6D45
:10CA1000707265632E6300002C2066756E63746906
:10CA20006F6E3A2000000000617373657274696F65
:10CA30006E2022257322206661696C65643A206647
:10CA4000696C6520222573222C206C696E65202577
:10CA500064257325730A000043000000504F5349BA
:08CA6000580000002E00000048
:08CA68009CC7FF7F01000000E4
:10CA7000FF00000000000000100000200000000087
:10CA800000000000FC02002064030020CC03002012
:10CA90000000000000000000000000000000000096
:10CAA0000000000000000000000000000000000086
:10CAB0000000000000000000000000000000000076
:10CAC0000000000000000000000000000000000066
:10CAD0000000000000000000000000000000000056
:10CAE0000000000000000000000000000000000046
:10CAF0000000000000000000000000000000000036
:10CB00000000000000000000000000000000000025
:10CB10000000000000000000000000000000000015
:10CB20000000000000000000010000000000000004
:10CB30000E33CDAB34126DE6ECDE05000B000000C9
:10CB400000000000000000000000000000000000E5
:10CB500000000000000000000000000000000000D5
:10CB600000000000000000000000000000000000C5
:10CB700000000000000000000000000000000000B5
:10CB800000000000000000000000000000000000A5
:10CB90000000000000000000000000000000000095
:10CBA0000000000000000000000000000000000085
:10CBB0000000000000000000000000000000000075
:10CBC0000000000000000000000000000000000065
:10CBD0000000000000000000000000000000000055
:10CBE0000000000000000000000000000000000045
:10CBF0000000000000000000000000000000000035
:10CC00000000000000000000000000000000000024
:10CC10000000000000000000000000000000000014
:10CC20000000000000000000000000000000000004
:10CC300000000000000000000000000000000000F4
:10CC400000000000000000000000000000000000E4
:10CC500000000000000000000000000000000000D4
:10CC600000000000000000000000000000000000C4
:10CC700000000000000000000000000000000000B4
:10CC800000000000000000000000000000000000A4
:10CC90000000000000000000000000000000000094
:10CCA0000000000000000000000000000000000084
:10CCB0000000000000000000000000000000000074
:10CCC0000000000000000000000000000000000064
:10CCD0000000000000000000000000000000000054
:10CCE0000000000000000000000000000000000044
:10CCF0000000000000000000000000000000000034
:10CD00000000000000000000000000000000000023
:10CD10000000000000000000000000000000000013
:10CD20000000000000000000000000000000000003
:10CD300000000000000000000000000000000000F3
:10CD400000000000000000000000000000000000E3
:10CD500000000000000000000000000000000000D3
:10CD600000000000000000000000000000000000C3
:10CD700000000000000000000000000000000000B3
:10CD800000000000000000000000000000000000A3
:10CD90000000000000000000000000000000000093
:10CDA0000000000000000000000000000000000083
:10CDB0000000000000000000000000000000000073
:10CDC0000000000000000000000000000000000063
:10CDD0000000000000000000000000000000000053
:10CDE0000000000000000000000000000000000043
:10CDF0000000000000000000000000000000000033
:10CE00000000000000000000000000000000000022
:10CE10000000000000000000000000000000000012
:10CE20000000000000000000000000000000000002
:10CE300000000000000000000000000000000000F2
:10CE400000000000000000000000000000000000E2
:10CE500000000000000000000000000000000000D2
:10CE600000000000000000000000000000000000C2
:10CE700000000000000000000000000000000000B2
:10CE800000000000000000000000000000000000A2
:10CE90000000000000000000000000000000000092
:10CEA0000000000000000000000000000000000082
:10CEB00038040020380400204004002040040020F2
:10CEC00048040020480400205004002050040020A2
:10CED0005804002058040020600400206004002052
:10CEE0006804002068040020700400207004002002
:10CEF00078040020780400208004002080040020B2
:10CF00008804002088040020900400209004002061
:10CF10009804002098040020A0040020A004002011
:10CF2000A8040020A8040020B0040020B0040020C1
:10CF3000B8040020B8040020C0040020C004002071
:10CF4000C8040020C8040020D0040020D004002021
:10CF5000D8040020D8040020E0040020E0040020D1
:10CF6000E8040020E8040020F0040020F004002081
:10CF7000F8040020F804002000050020000500202F
:10CF800008050020080500201005002010050020DD
:10CF9000180500201805002020050020200500208D
:10CFA000280500202805002030050020300500203D
:10CFB00038050020380500204005002040050020ED
:10CFC000480500204805002050050020500500209D
:10CFD000580500205805002060050020600500204D
:10CFE00068050020680500207005002070050020FD
:10CFF00078050020780500208005002080050020AD
:10D00000880500208805002090050020900500205C
:10D010009805002098050020A0050020A00500200C
:10D02000A8050020A8050020B0050020B0050020BC
:10D03000B8050020B8050020C0050020C00500206C
:10D04000C8050020C8050020D0050020D00500201C
:10D05000D8050020D8050020E0050020E0050020CC
:10D06000E8050020E8050020F0050020F00500207C
:10D07000F8050020F805002000060020000600202A
:10D0800008060020080600201006002010060020D8
:10D090001806002018060020200600202006002088
:10D0A0002806002028060020300600203006002038
:10D0B00038060020380600204006002040060020E8
:10D0C0004806002048060020500600205006002098
:10D0D0005806002058060020600600206006002048
:10D0E00068060020680600207006002070060020F8
:10D0F00078060020780600208006002080060020A8
:10D100008806002088060020900600209006002057
:10D110009806002098060020A0060020A006002007
:10D12000A8060020A8060020B0060020B0060020B7
:10D13000B8060020B8060020C0060020C006002067
:10D14000C8060020C8060020D0060020D006002017
:10D15000D8060020D8060020E0060020E0060020C7
:10D16000E8060020E8060020F0060020F006002077
:10D17000F8060020F8060020000700200007002025
:10D1800008070020080700201007002010070020D3
:10D190001807002018070020200700202007002083
:10D1A0002807002028070020300700203007002033
:10D1B00038070020380700204007002040070020E3
:10D1C0004807002048070020500700205007002093
:10D1D0005807002058070020600700206007002043
:10D1E00068070020680700207007002070070020F3
:10D1F00078070020780700208007002080070020A3
:10D200008807002088070020900700209007002052
:10D210009807002098070020A0070020A007002002
:10D22000A8070020A8070020B0070020B0070020B2
:10D23000B8070020B8070020C0070020C007002062
:10D24000C8070020C8070020D0070020D007002012
:10D25000D8070020D8070020E0070020E0070020C2
:10D26000E8070020E8070020F0070020F007002072
:10D27000F8070020F8070020000800200008002020
:10D2800008080020080800201008002010080020CE
:10D29000180800201808002020080020200800207E
:10D2A000280800202808002030080020300800202E
:10D2B000FFFFFFFF0000020043000000000000002D
:10D2C000000000000000000000000000000000005E
:10D2D000000000000000000043000000000000000B
:10D2E000000000000000000000000000000000003E
:10D2F00000000000000000004300000000000000EB
:10D30000000000000000000000000000000000001D
:10D3100000000000000000004300000000000000CA
:10D3200000000000000000000000000000000000FD
:10D3300000000000000000004300000000000000AA
:10D3400000000000000000000000000000000000DD
:10D35000000000000000000043000000000000008A
:10D3600000000000000000000000000000000000BD
:10D37000000000000000000043000000000000006A
:10D38000000000000000000000000000000000009D
:10D3900000000000000000002D810008B16F0008AF
:10D3A0000000000020C4000864CA0008D8C70008B4
:10D3B000D8C70008D8C70008D8C70008D8C70008D1
:10D3C000D8C70008D8C70008D8C70008D8C70008C1
:10D3D000FFFFFFFFFFFFFFFFFFFFFFFFFFFF00005B
:10D3E00001004153434949000000000000000000D3
:10D3F000000000000000000000000000000000002D
:10D4000000004153434949000000000000000000B3
:10D41000000000000000000000000000000000000C
:04D420000000000008
:04000005080001C12D
:00000001FF
